id,timestamp,target,Customers,Open,Promo,StateHoliday,SchoolHoliday,DayOfWeek
460,2013-01-01,0.0,0.0,0.0,0.0,1,1.0,2.0
460,2013-01-02,3102.0,345.0,1.0,0.0,0,1.0,3.0
460,2013-01-03,4298.0,421.0,1.0,0.0,0,1.0,4.0
460,2013-01-04,3443.0,343.0,1.0,0.0,0,1.0,5.0
460,2013-01-05,981.0,109.0,1.0,0.0,0,0.0,6.0
460,2013-01-06,0.0,0.0,0.0,0.0,1,0.0,7.0
460,2013-01-07,5751.0,478.0,1.0,1.0,0,0.0,1.0
460,2013-01-08,5448.0,451.0,1.0,1.0,0,0.0,2.0
460,2013-01-09,4004.0,332.0,1.0,1.0,0,0.0,3.0
460,2013-01-10,4826.0,407.0,1.0,1.0,0,0.0,4.0
460,2013-01-11,4675.0,439.0,1.0,1.0,0,0.0,5.0
460,2013-01-12,1370.0,126.0,1.0,0.0,0,0.0,6.0
460,2013-01-13,0.0,0.0,0.0,0.0,0,0.0,7.0
460,2013-01-14,3196.0,314.0,1.0,0.0,0,0.0,1.0
460,2013-01-15,3409.0,340.0,1.0,0.0,0,0.0,2.0
460,2013-01-16,2711.0,276.0,1.0,0.0,0,0.0,3.0
460,2013-01-17,2745.0,304.0,1.0,0.0,0,0.0,4.0
460,2013-01-18,3292.0,344.0,1.0,0.0,0,0.0,5.0
460,2013-01-19,1489.0,133.0,1.0,0.0,0,0.0,6.0
460,2013-01-20,0.0,0.0,0.0,0.0,0,0.0,7.0
460,2013-01-21,5047.0,433.0,1.0,1.0,0,0.0,1.0
460,2013-01-22,4257.0,354.0,1.0,1.0,0,0.0,2.0
460,2013-01-23,3872.0,351.0,1.0,1.0,0,0.0,3.0
460,2013-01-24,4682.0,406.0,1.0,1.0,0,0.0,4.0
460,2013-01-25,3774.0,398.0,1.0,1.0,0,0.0,5.0
460,2013-01-26,1158.0,121.0,1.0,0.0,0,0.0,6.0
460,2013-01-27,0.0,0.0,0.0,0.0,0,0.0,7.0
460,2013-01-28,2540.0,281.0,1.0,0.0,0,0.0,1.0
460,2013-01-29,2550.0,285.0,1.0,0.0,0,0.0,2.0
460,2013-01-30,2771.0,271.0,1.0,0.0,0,0.0,3.0
460,2013-01-31,3603.0,372.0,1.0,0.0,0,0.0,4.0
460,2013-02-01,3948.0,398.0,1.0,0.0,0,1.0,5.0
460,2013-02-02,1375.0,130.0,1.0,0.0,0,0.0,6.0
460,2013-02-03,0.0,0.0,0.0,0.0,0,0.0,7.0
460,2013-02-04,5478.0,438.0,1.0,1.0,0,1.0,1.0
460,2013-02-05,4941.0,444.0,1.0,1.0,0,1.0,2.0
460,2013-02-06,4511.0,384.0,1.0,1.0,0,1.0,3.0
460,2013-02-07,4169.0,367.0,1.0,1.0,0,1.0,4.0
460,2013-02-08,3768.0,338.0,1.0,1.0,0,1.0,5.0
460,2013-02-09,1518.0,134.0,1.0,0.0,0,0.0,6.0
460,2013-02-10,0.0,0.0,0.0,0.0,0,0.0,7.0
460,2013-02-11,3145.0,343.0,1.0,0.0,0,0.0,1.0
460,2013-02-12,3305.0,357.0,1.0,0.0,0,0.0,2.0
460,2013-02-13,2820.0,284.0,1.0,0.0,0,0.0,3.0
460,2013-02-14,3373.0,340.0,1.0,0.0,0,0.0,4.0
460,2013-02-15,3486.0,357.0,1.0,0.0,0,0.0,5.0
460,2013-02-16,1434.0,136.0,1.0,0.0,0,0.0,6.0
460,2013-02-17,0.0,0.0,0.0,0.0,0,0.0,7.0
460,2013-02-18,6438.0,510.0,1.0,1.0,0,0.0,1.0
460,2013-02-19,4175.0,383.0,1.0,1.0,0,0.0,2.0
460,2013-02-20,4783.0,406.0,1.0,1.0,0,0.0,3.0
460,2013-02-21,3714.0,347.0,1.0,1.0,0,0.0,4.0
460,2013-02-22,4187.0,405.0,1.0,1.0,0,0.0,5.0
460,2013-02-23,1225.0,112.0,1.0,0.0,0,0.0,6.0
460,2013-02-24,0.0,0.0,0.0,0.0,0,0.0,7.0
460,2013-02-25,2744.0,304.0,1.0,0.0,0,0.0,1.0
460,2013-02-26,2816.0,309.0,1.0,0.0,0,0.0,2.0
460,2013-02-27,2540.0,267.0,1.0,0.0,0,0.0,3.0
460,2013-02-28,3449.0,353.0,1.0,0.0,0,0.0,4.0
460,2013-03-01,3549.0,368.0,1.0,0.0,0,0.0,5.0
460,2013-03-02,1558.0,138.0,1.0,0.0,0,0.0,6.0
460,2013-03-03,0.0,0.0,0.0,0.0,0,0.0,7.0
460,2013-03-04,6032.0,496.0,1.0,1.0,0,0.0,1.0
460,2013-03-05,4897.0,426.0,1.0,1.0,0,0.0,2.0
460,2013-03-06,4093.0,348.0,1.0,1.0,0,0.0,3.0
460,2013-03-07,4064.0,378.0,1.0,1.0,0,0.0,4.0
460,2013-03-08,4090.0,395.0,1.0,1.0,0,0.0,5.0
460,2013-03-09,1627.0,145.0,1.0,0.0,0,0.0,6.0
460,2013-03-10,0.0,0.0,0.0,0.0,0,0.0,7.0
460,2013-03-11,2456.0,285.0,1.0,0.0,0,0.0,1.0
460,2013-03-12,3037.0,326.0,1.0,0.0,0,0.0,2.0
460,2013-03-13,2721.0,298.0,1.0,0.0,0,0.0,3.0
460,2013-03-14,2766.0,308.0,1.0,0.0,0,0.0,4.0
460,2013-03-15,2987.0,338.0,1.0,0.0,0,0.0,5.0
460,2013-03-16,1371.0,134.0,1.0,0.0,0,0.0,6.0
460,2013-03-17,0.0,0.0,0.0,0.0,0,0.0,7.0
460,2013-03-18,5530.0,441.0,1.0,1.0,0,0.0,1.0
460,2013-03-19,4276.0,370.0,1.0,1.0,0,0.0,2.0
460,2013-03-20,3941.0,355.0,1.0,1.0,0,0.0,3.0
460,2013-03-21,3942.0,339.0,1.0,1.0,0,0.0,4.0
460,2013-03-22,4346.0,391.0,1.0,1.0,0,0.0,5.0
460,2013-03-23,1339.0,138.0,1.0,0.0,0,0.0,6.0
460,2013-03-24,0.0,0.0,0.0,0.0,0,0.0,7.0
460,2013-03-25,6424.0,512.0,1.0,1.0,0,1.0,1.0
460,2013-03-26,5691.0,499.0,1.0,1.0,0,1.0,2.0
460,2013-03-27,4709.0,405.0,1.0,1.0,0,1.0,3.0
460,2013-03-28,5776.0,528.0,1.0,1.0,0,1.0,4.0
460,2013-03-29,0.0,0.0,0.0,1.0,2,1.0,5.0
460,2013-03-30,3062.0,288.0,1.0,0.0,0,0.0,6.0
460,2013-03-31,0.0,0.0,0.0,0.0,0,0.0,7.0
460,2013-04-01,0.0,0.0,0.0,0.0,2,0.0,1.0
460,2013-04-02,3725.0,441.0,1.0,0.0,0,0.0,2.0
460,2013-04-03,2702.0,306.0,1.0,0.0,0,0.0,3.0
460,2013-04-04,3202.0,344.0,1.0,0.0,0,0.0,4.0
460,2013-04-05,3320.0,345.0,1.0,0.0,0,0.0,5.0
460,2013-04-06,1292.0,133.0,1.0,0.0,0,0.0,6.0
460,2013-04-07,0.0,0.0,0.0,0.0,0,0.0,7.0
460,2013-04-08,5595.0,485.0,1.0,1.0,0,0.0,1.0
460,2013-04-09,4738.0,412.0,1.0,1.0,0,0.0,2.0
460,2013-04-10,3857.0,351.0,1.0,1.0,0,0.0,3.0
460,2013-04-11,3494.0,344.0,1.0,1.0,0,0.0,4.0
460,2013-04-12,3898.0,397.0,1.0,1.0,0,0.0,5.0
460,2013-04-13,1347.0,142.0,1.0,0.0,0,0.0,6.0
460,2013-04-14,0.0,0.0,0.0,0.0,0,0.0,7.0
460,2013-04-15,2805.0,302.0,1.0,0.0,0,0.0,1.0
460,2013-04-16,2812.0,346.0,1.0,0.0,0,0.0,2.0
460,2013-04-17,2820.0,302.0,1.0,0.0,0,0.0,3.0
460,2013-04-18,2895.0,346.0,1.0,0.0,0,0.0,4.0
460,2013-04-19,3204.0,358.0,1.0,0.0,0,0.0,5.0
460,2013-04-20,1681.0,170.0,1.0,0.0,0,0.0,6.0
460,2013-04-21,0.0,0.0,0.0,0.0,0,0.0,7.0
460,2013-04-22,5353.0,463.0,1.0,1.0,0,0.0,1.0
460,2013-04-23,4613.0,450.0,1.0,1.0,0,0.0,2.0
460,2013-04-24,3919.0,353.0,1.0,1.0,0,0.0,3.0
460,2013-04-25,3297.0,336.0,1.0,1.0,0,0.0,4.0
460,2013-04-26,3928.0,366.0,1.0,1.0,0,0.0,5.0
460,2013-04-27,1580.0,151.0,1.0,0.0,0,0.0,6.0
460,2013-04-28,0.0,0.0,0.0,0.0,0,0.0,7.0
460,2013-04-29,5099.0,447.0,1.0,1.0,0,0.0,1.0
460,2013-04-30,6135.0,550.0,1.0,1.0,0,0.0,2.0
460,2013-05-01,0.0,0.0,0.0,1.0,1,0.0,3.0
460,2013-05-02,5351.0,508.0,1.0,1.0,0,0.0,4.0
460,2013-05-03,4267.0,412.0,1.0,1.0,0,0.0,5.0
460,2013-05-04,1902.0,185.0,1.0,0.0,0,0.0,6.0
460,2013-05-05,0.0,0.0,0.0,0.0,0,0.0,7.0
460,2013-05-06,3591.0,383.0,1.0,0.0,0,0.0,1.0
460,2013-05-07,3868.0,403.0,1.0,0.0,0,0.0,2.0
460,2013-05-08,3417.0,376.0,1.0,0.0,0,0.0,3.0
460,2013-05-09,0.0,0.0,0.0,0.0,1,0.0,4.0
460,2013-05-10,4176.0,460.0,1.0,0.0,0,1.0,5.0
460,2013-05-11,1882.0,182.0,1.0,0.0,0,0.0,6.0
460,2013-05-12,0.0,0.0,0.0,0.0,0,0.0,7.0
460,2013-05-13,5206.0,480.0,1.0,1.0,0,1.0,1.0
460,2013-05-14,4766.0,455.0,1.0,1.0,0,1.0,2.0
460,2013-05-15,3720.0,364.0,1.0,1.0,0,1.0,3.0
460,2013-05-16,4677.0,441.0,1.0,1.0,0,1.0,4.0
460,2013-05-17,3912.0,390.0,1.0,1.0,0,1.0,5.0
460,2013-05-18,2012.0,189.0,1.0,0.0,0,0.0,6.0
460,2013-05-19,0.0,0.0,0.0,0.0,0,0.0,7.0
460,2013-05-20,0.0,0.0,0.0,0.0,1,0.0,1.0
460,2013-05-21,3574.0,418.0,1.0,0.0,0,0.0,2.0
460,2013-05-22,2828.0,305.0,1.0,0.0,0,0.0,3.0
460,2013-05-23,3227.0,371.0,1.0,0.0,0,0.0,4.0
460,2013-05-24,3089.0,344.0,1.0,0.0,0,0.0,5.0
460,2013-05-25,1507.0,160.0,1.0,0.0,0,0.0,6.0
460,2013-05-26,0.0,0.0,0.0,0.0,0,0.0,7.0
460,2013-05-27,6234.0,512.0,1.0,1.0,0,0.0,1.0
460,2013-05-28,4718.0,448.0,1.0,1.0,0,0.0,2.0
460,2013-05-29,4645.0,404.0,1.0,1.0,0,0.0,3.0
460,2013-05-30,4744.0,426.0,1.0,1.0,0,0.0,4.0
460,2013-05-31,5174.0,481.0,1.0,1.0,0,0.0,5.0
460,2013-06-01,2084.0,193.0,1.0,0.0,0,0.0,6.0
460,2013-06-02,0.0,0.0,0.0,0.0,0,0.0,7.0
460,2013-06-03,5414.0,453.0,1.0,1.0,0,0.0,1.0
460,2013-06-04,4905.0,443.0,1.0,1.0,0,0.0,2.0
460,2013-06-05,4015.0,385.0,1.0,1.0,0,0.0,3.0
460,2013-06-06,4399.0,424.0,1.0,1.0,0,0.0,4.0
460,2013-06-07,3770.0,383.0,1.0,1.0,0,0.0,5.0
460,2013-06-08,1770.0,179.0,1.0,0.0,0,0.0,6.0
460,2013-06-09,0.0,0.0,0.0,0.0,0,0.0,7.0
460,2013-06-10,1986.0,225.0,1.0,0.0,0,0.0,1.0
460,2013-06-11,3040.0,327.0,1.0,0.0,0,0.0,2.0
460,2013-06-12,1402.0,155.0,1.0,0.0,0,0.0,3.0
460,2013-06-13,2452.0,297.0,1.0,0.0,0,0.0,4.0
460,2013-06-14,3152.0,310.0,1.0,0.0,0,0.0,5.0
460,2013-06-15,1535.0,136.0,1.0,0.0,0,0.0,6.0
460,2013-06-16,0.0,0.0,0.0,0.0,0,0.0,7.0
460,2013-06-17,4859.0,453.0,1.0,1.0,0,0.0,1.0
460,2013-06-18,3803.0,370.0,1.0,1.0,0,0.0,2.0
460,2013-06-19,3355.0,351.0,1.0,1.0,0,0.0,3.0
460,2013-06-20,2958.0,301.0,1.0,1.0,0,0.0,4.0
460,2013-06-21,3459.0,363.0,1.0,1.0,0,0.0,5.0
460,2013-06-22,1595.0,152.0,1.0,0.0,0,0.0,6.0
460,2013-06-23,0.0,0.0,0.0,0.0,0,0.0,7.0
460,2013-06-24,3052.0,346.0,1.0,0.0,0,0.0,1.0
460,2013-06-25,2809.0,309.0,1.0,0.0,0,0.0,2.0
460,2013-06-26,2436.0,286.0,1.0,0.0,0,0.0,3.0
460,2013-06-27,3449.0,323.0,1.0,0.0,0,0.0,4.0
460,2013-06-28,3810.0,381.0,1.0,0.0,0,0.0,5.0
460,2013-06-29,1544.0,139.0,1.0,0.0,0,0.0,6.0
460,2013-06-30,0.0,0.0,0.0,0.0,0,0.0,7.0
460,2013-07-01,7109.0,566.0,1.0,1.0,0,0.0,1.0
460,2013-07-02,5690.0,488.0,1.0,1.0,0,0.0,2.0
460,2013-07-03,3807.0,336.0,1.0,1.0,0,0.0,3.0
460,2013-07-04,4940.0,483.0,1.0,1.0,0,0.0,4.0
460,2013-07-05,4727.0,451.0,1.0,1.0,0,0.0,5.0
460,2013-07-06,1984.0,172.0,1.0,0.0,0,0.0,6.0
460,2013-07-07,0.0,0.0,0.0,0.0,0,0.0,7.0
460,2013-07-08,3471.0,367.0,1.0,0.0,0,0.0,1.0
460,2013-07-09,3608.0,364.0,1.0,0.0,0,0.0,2.0
460,2013-07-10,3084.0,340.0,1.0,0.0,0,0.0,3.0
460,2013-07-11,3392.0,369.0,1.0,0.0,0,0.0,4.0
460,2013-07-12,3680.0,377.0,1.0,0.0,0,0.0,5.0
460,2013-07-13,1747.0,182.0,1.0,0.0,0,0.0,6.0
460,2013-07-14,0.0,0.0,0.0,0.0,0,0.0,7.0
460,2013-07-15,6960.0,571.0,1.0,1.0,0,1.0,1.0
460,2013-07-16,5238.0,457.0,1.0,1.0,0,1.0,2.0
460,2013-07-17,3837.0,357.0,1.0,1.0,0,1.0,3.0
460,2013-07-18,3977.0,385.0,1.0,1.0,0,1.0,4.0
460,2013-07-19,4389.0,413.0,1.0,1.0,0,1.0,5.0
460,2013-07-20,2061.0,275.0,1.0,0.0,0,0.0,6.0
460,2013-07-21,0.0,0.0,0.0,0.0,0,0.0,7.0
460,2013-07-22,3061.0,351.0,1.0,0.0,0,1.0,1.0
460,2013-07-23,3556.0,382.0,1.0,0.0,0,1.0,2.0
460,2013-07-24,2536.0,292.0,1.0,0.0,0,1.0,3.0
460,2013-07-25,2965.0,345.0,1.0,0.0,0,1.0,4.0
460,2013-07-26,3089.0,351.0,1.0,0.0,0,1.0,5.0
460,2013-07-27,1665.0,167.0,1.0,0.0,0,0.0,6.0
460,2013-07-28,0.0,0.0,0.0,0.0,0,0.0,7.0
460,2013-07-29,6572.0,528.0,1.0,1.0,0,1.0,1.0
460,2013-07-30,4836.0,431.0,1.0,1.0,0,1.0,2.0
460,2013-07-31,4772.0,411.0,1.0,1.0,0,1.0,3.0
460,2013-08-01,4937.0,453.0,1.0,1.0,0,1.0,4.0
460,2013-08-02,4200.0,415.0,1.0,1.0,0,1.0,5.0
460,2013-08-03,1731.0,185.0,1.0,0.0,0,0.0,6.0
460,2013-08-04,0.0,0.0,0.0,0.0,0,0.0,7.0
460,2013-08-05,3612.0,346.0,1.0,0.0,0,1.0,1.0
460,2013-08-06,2930.0,306.0,1.0,0.0,0,1.0,2.0
460,2013-08-07,2910.0,316.0,1.0,0.0,0,1.0,3.0
460,2013-08-08,3232.0,320.0,1.0,0.0,0,1.0,4.0
460,2013-08-09,3147.0,351.0,1.0,0.0,0,1.0,5.0
460,2013-08-10,1368.0,158.0,1.0,0.0,0,0.0,6.0
460,2013-08-11,0.0,0.0,0.0,0.0,0,0.0,7.0
460,2013-08-12,6526.0,551.0,1.0,1.0,0,1.0,1.0
460,2013-08-13,5249.0,465.0,1.0,1.0,0,1.0,2.0
460,2013-08-14,4680.0,438.0,1.0,1.0,0,1.0,3.0
460,2013-08-15,4326.0,434.0,1.0,1.0,0,1.0,4.0
460,2013-08-16,4255.0,429.0,1.0,1.0,0,1.0,5.0
460,2013-08-17,1430.0,156.0,1.0,0.0,0,0.0,6.0
460,2013-08-18,0.0,0.0,0.0,0.0,0,0.0,7.0
460,2013-08-19,2637.0,294.0,1.0,0.0,0,1.0,1.0
460,2013-08-20,3157.0,353.0,1.0,0.0,0,1.0,2.0
460,2013-08-21,2564.0,316.0,1.0,0.0,0,1.0,3.0
460,2013-08-22,3042.0,330.0,1.0,0.0,0,1.0,4.0
460,2013-08-23,2910.0,344.0,1.0,0.0,0,1.0,5.0
460,2013-08-24,1417.0,143.0,1.0,0.0,0,0.0,6.0
460,2013-08-25,0.0,0.0,0.0,0.0,0,0.0,7.0
460,2013-08-26,6912.0,528.0,1.0,1.0,0,1.0,1.0
460,2013-08-27,5260.0,453.0,1.0,1.0,0,1.0,2.0
460,2013-08-28,4336.0,401.0,1.0,1.0,0,1.0,3.0
460,2013-08-29,4649.0,419.0,1.0,1.0,0,0.0,4.0
460,2013-08-30,5362.0,491.0,1.0,1.0,0,0.0,5.0
460,2013-08-31,1630.0,168.0,1.0,0.0,0,0.0,6.0
460,2013-09-01,0.0,0.0,0.0,0.0,0,0.0,7.0
460,2013-09-02,2973.0,319.0,1.0,0.0,0,0.0,1.0
460,2013-09-03,3311.0,390.0,1.0,0.0,0,0.0,2.0
460,2013-09-04,3442.0,342.0,1.0,0.0,0,0.0,3.0
460,2013-09-05,3090.0,335.0,1.0,0.0,0,0.0,4.0
460,2013-09-06,3146.0,345.0,1.0,0.0,0,0.0,5.0
460,2013-09-07,1627.0,160.0,1.0,0.0,0,0.0,6.0
460,2013-09-08,0.0,0.0,0.0,0.0,0,0.0,7.0
460,2013-09-09,5610.0,432.0,1.0,1.0,0,0.0,1.0
460,2013-09-10,5685.0,470.0,1.0,1.0,0,0.0,2.0
460,2013-09-11,4775.0,424.0,1.0,1.0,0,0.0,3.0
460,2013-09-12,4429.0,409.0,1.0,1.0,0,0.0,4.0
460,2013-09-13,4620.0,415.0,1.0,1.0,0,0.0,5.0
460,2013-09-14,1436.0,148.0,1.0,0.0,0,0.0,6.0
460,2013-09-15,0.0,0.0,0.0,0.0,0,0.0,7.0
460,2013-09-16,2683.0,297.0,1.0,0.0,0,0.0,1.0
460,2013-09-17,2756.0,319.0,1.0,0.0,0,0.0,2.0
460,2013-09-18,2419.0,231.0,1.0,0.0,0,0.0,3.0
460,2013-09-19,2737.0,288.0,1.0,0.0,0,0.0,4.0
460,2013-09-20,3219.0,331.0,1.0,0.0,0,0.0,5.0
460,2013-09-21,1487.0,165.0,1.0,0.0,0,0.0,6.0
460,2013-09-22,0.0,0.0,0.0,0.0,0,0.0,7.0
460,2013-09-23,5703.0,458.0,1.0,1.0,0,0.0,1.0
460,2013-09-24,4911.0,426.0,1.0,1.0,0,0.0,2.0
460,2013-09-25,3831.0,351.0,1.0,1.0,0,0.0,3.0
460,2013-09-26,4114.0,410.0,1.0,1.0,0,0.0,4.0
460,2013-09-27,4030.0,351.0,1.0,1.0,0,0.0,5.0
460,2013-09-28,1554.0,138.0,1.0,0.0,0,0.0,6.0
460,2013-09-29,0.0,0.0,0.0,0.0,0,0.0,7.0
460,2013-09-30,3382.0,346.0,1.0,0.0,0,0.0,1.0
460,2013-10-01,3311.0,355.0,1.0,0.0,0,0.0,2.0
460,2013-10-02,3256.0,332.0,1.0,0.0,0,0.0,3.0
460,2013-10-03,0.0,0.0,0.0,0.0,1,0.0,4.0
460,2013-10-04,4374.0,446.0,1.0,0.0,0,0.0,5.0
460,2013-10-05,1367.0,154.0,1.0,0.0,0,0.0,6.0
460,2013-10-06,0.0,0.0,0.0,0.0,0,0.0,7.0
460,2013-10-07,6572.0,520.0,1.0,1.0,0,0.0,1.0
460,2013-10-08,5368.0,455.0,1.0,1.0,0,0.0,2.0
460,2013-10-09,4140.0,386.0,1.0,1.0,0,0.0,3.0
460,2013-10-10,4591.0,378.0,1.0,1.0,0,0.0,4.0
460,2013-10-11,4308.0,392.0,1.0,1.0,0,0.0,5.0
460,2013-10-12,1281.0,138.0,1.0,0.0,0,0.0,6.0
460,2013-10-13,0.0,0.0,0.0,0.0,0,0.0,7.0
460,2013-10-14,3080.0,330.0,1.0,0.0,0,0.0,1.0
460,2013-10-15,2608.0,281.0,1.0,0.0,0,0.0,2.0
460,2013-10-16,2891.0,296.0,1.0,0.0,0,0.0,3.0
460,2013-10-17,3354.0,336.0,1.0,0.0,0,0.0,4.0
460,2013-10-18,3405.0,352.0,1.0,0.0,0,0.0,5.0
460,2013-10-19,1365.0,140.0,1.0,0.0,0,0.0,6.0
460,2013-10-20,0.0,0.0,0.0,0.0,0,0.0,7.0
460,2013-10-21,6130.0,488.0,1.0,1.0,0,1.0,1.0
460,2013-10-22,4327.0,404.0,1.0,1.0,0,1.0,2.0
460,2013-10-23,3825.0,329.0,1.0,1.0,0,1.0,3.0
460,2013-10-24,3790.0,346.0,1.0,1.0,0,1.0,4.0
460,2013-10-25,3776.0,381.0,1.0,1.0,0,1.0,5.0
460,2013-10-26,1235.0,146.0,1.0,0.0,0,0.0,6.0
460,2013-10-27,0.0,0.0,0.0,0.0,0,0.0,7.0
460,2013-10-28,2944.0,312.0,1.0,0.0,0,0.0,1.0
460,2013-10-29,3121.0,331.0,1.0,0.0,0,0.0,2.0
460,2013-10-30,3766.0,362.0,1.0,0.0,0,0.0,3.0
460,2013-10-31,0.0,0.0,0.0,0.0,1,0.0,4.0
460,2013-11-01,4658.0,436.0,1.0,0.0,0,0.0,5.0
460,2013-11-02,1462.0,143.0,1.0,0.0,0,0.0,6.0
460,2013-11-03,0.0,0.0,0.0,0.0,0,0.0,7.0
460,2013-11-04,5957.0,457.0,1.0,1.0,0,0.0,1.0
460,2013-11-05,4657.0,442.0,1.0,1.0,0,0.0,2.0
460,2013-11-06,4022.0,347.0,1.0,1.0,0,0.0,3.0
460,2013-11-07,3405.0,326.0,1.0,1.0,0,0.0,4.0
460,2013-11-08,4108.0,361.0,1.0,1.0,0,0.0,5.0
460,2013-11-09,1757.0,147.0,1.0,0.0,0,0.0,6.0
460,2013-11-10,0.0,0.0,0.0,0.0,0,0.0,7.0
460,2013-11-11,3137.0,322.0,1.0,0.0,0,0.0,1.0
460,2013-11-12,2808.0,295.0,1.0,0.0,0,0.0,2.0
460,2013-11-13,2578.0,288.0,1.0,0.0,0,0.0,3.0
460,2013-11-14,3491.0,323.0,1.0,0.0,0,0.0,4.0
460,2013-11-15,3164.0,327.0,1.0,0.0,0,0.0,5.0
460,2013-11-16,1686.0,152.0,1.0,0.0,0,0.0,6.0
460,2013-11-17,0.0,0.0,0.0,0.0,0,0.0,7.0
460,2013-11-18,6593.0,507.0,1.0,1.0,0,0.0,1.0
460,2013-11-19,5883.0,466.0,1.0,1.0,0,0.0,2.0
460,2013-11-20,4270.0,326.0,1.0,1.0,0,0.0,3.0
460,2013-11-21,4793.0,388.0,1.0,1.0,0,0.0,4.0
460,2013-11-22,4631.0,410.0,1.0,1.0,0,0.0,5.0
460,2013-11-23,1921.0,159.0,1.0,0.0,0,0.0,6.0
460,2013-11-24,0.0,0.0,0.0,0.0,0,0.0,7.0
460,2013-11-25,3294.0,330.0,1.0,0.0,0,0.0,1.0
460,2013-11-26,3634.0,362.0,1.0,0.0,0,0.0,2.0
460,2013-11-27,2383.0,238.0,1.0,0.0,0,0.0,3.0
460,2013-11-28,4181.0,368.0,1.0,0.0,0,0.0,4.0
460,2013-11-29,4030.0,371.0,1.0,0.0,0,0.0,5.0
460,2013-11-30,1872.0,158.0,1.0,0.0,0,0.0,6.0
460,2013-12-01,0.0,0.0,0.0,0.0,0,0.0,7.0
460,2013-12-02,8411.0,613.0,1.0,1.0,0,0.0,1.0
460,2013-12-03,6669.0,521.0,1.0,1.0,0,0.0,2.0
460,2013-12-04,5688.0,427.0,1.0,1.0,0,0.0,3.0
460,2013-12-05,5659.0,441.0,1.0,1.0,0,0.0,4.0
460,2013-12-06,3225.0,296.0,1.0,1.0,0,0.0,5.0
460,2013-12-07,2066.0,183.0,1.0,0.0,0,0.0,6.0
460,2013-12-08,0.0,0.0,0.0,0.0,0,0.0,7.0
460,2013-12-09,3636.0,363.0,1.0,0.0,0,0.0,1.0
460,2013-12-10,4110.0,375.0,1.0,0.0,0,0.0,2.0
460,2013-12-11,3946.0,340.0,1.0,0.0,0,0.0,3.0
460,2013-12-12,4124.0,361.0,1.0,0.0,0,0.0,4.0
460,2013-12-13,4920.0,405.0,1.0,0.0,0,0.0,5.0
460,2013-12-14,1927.0,147.0,1.0,0.0,0,0.0,6.0
460,2013-12-15,0.0,0.0,0.0,0.0,0,0.0,7.0
460,2013-12-16,10651.0,672.0,1.0,1.0,0,0.0,1.0
460,2013-12-17,7888.0,578.0,1.0,1.0,0,0.0,2.0
460,2013-12-18,6332.0,458.0,1.0,1.0,0,0.0,3.0
460,2013-12-19,6644.0,489.0,1.0,1.0,0,0.0,4.0
460,2013-12-20,6537.0,523.0,1.0,1.0,0,0.0,5.0
460,2013-12-21,3428.0,264.0,1.0,0.0,0,0.0,6.0
460,2013-12-22,0.0,0.0,0.0,0.0,0,0.0,7.0
460,2013-12-23,9461.0,791.0,1.0,0.0,0,1.0,1.0
460,2013-12-24,3046.0,268.0,1.0,0.0,0,1.0,2.0
460,2013-12-25,0.0,0.0,0.0,0.0,3,1.0,3.0
460,2013-12-26,0.0,0.0,0.0,0.0,3,1.0,4.0
460,2013-12-27,4185.0,429.0,1.0,0.0,0,1.0,5.0
460,2013-12-28,2020.0,180.0,1.0,0.0,0,0.0,6.0
460,2013-12-29,0.0,0.0,0.0,0.0,0,0.0,7.0
460,2013-12-30,5986.0,541.0,1.0,0.0,0,1.0,1.0
460,2013-12-31,1698.0,190.0,1.0,0.0,0,1.0,2.0
460,2014-01-01,0.0,0.0,0.0,0.0,1,1.0,3.0
460,2014-01-02,3595.0,357.0,1.0,0.0,0,1.0,4.0
460,2014-01-03,4020.0,398.0,1.0,0.0,0,1.0,5.0
460,2014-01-04,1546.0,151.0,1.0,0.0,0,0.0,6.0
460,2014-01-05,0.0,0.0,0.0,0.0,0,0.0,7.0
460,2014-01-06,0.0,0.0,0.0,1.0,1,0.0,1.0
460,2014-01-07,8371.0,634.0,1.0,1.0,0,0.0,2.0
460,2014-01-08,4625.0,407.0,1.0,1.0,0,0.0,3.0
460,2014-01-09,5388.0,444.0,1.0,1.0,0,0.0,4.0
460,2014-01-10,4285.0,419.0,1.0,1.0,0,0.0,5.0
460,2014-01-11,1685.0,153.0,1.0,0.0,0,0.0,6.0
460,2014-01-12,0.0,0.0,0.0,0.0,0,0.0,7.0
460,2014-01-13,2982.0,318.0,1.0,0.0,0,0.0,1.0
460,2014-01-14,2982.0,332.0,1.0,0.0,0,0.0,2.0
460,2014-01-15,2863.0,281.0,1.0,0.0,0,0.0,3.0
460,2014-01-16,2927.0,305.0,1.0,0.0,0,0.0,4.0
460,2014-01-17,2952.0,345.0,1.0,0.0,0,0.0,5.0
460,2014-01-18,1587.0,147.0,1.0,0.0,0,0.0,6.0
460,2014-01-19,0.0,0.0,0.0,0.0,0,0.0,7.0
460,2014-01-20,5984.0,446.0,1.0,1.0,0,0.0,1.0
460,2014-01-21,3724.0,301.0,1.0,1.0,0,0.0,2.0
460,2014-01-22,3476.0,297.0,1.0,1.0,0,0.0,3.0
460,2014-01-23,4706.0,401.0,1.0,1.0,0,0.0,4.0
460,2014-01-24,4266.0,379.0,1.0,1.0,0,0.0,5.0
460,2014-01-25,1058.0,103.0,1.0,0.0,0,0.0,6.0
460,2014-01-26,0.0,0.0,0.0,0.0,0,0.0,7.0
460,2014-01-27,2324.0,246.0,1.0,0.0,0,0.0,1.0
460,2014-01-28,3021.0,316.0,1.0,0.0,0,0.0,2.0
460,2014-01-29,2411.0,244.0,1.0,0.0,0,0.0,3.0
460,2014-01-30,3140.0,321.0,1.0,0.0,0,0.0,4.0
460,2014-01-31,3789.0,371.0,1.0,0.0,0,0.0,5.0
460,2014-02-01,1639.0,151.0,1.0,0.0,0,0.0,6.0
460,2014-02-02,0.0,0.0,0.0,0.0,0,0.0,7.0
460,2014-02-03,6728.0,545.0,1.0,1.0,0,1.0,1.0
460,2014-02-04,5279.0,432.0,1.0,1.0,0,1.0,2.0
460,2014-02-05,4047.0,352.0,1.0,1.0,0,1.0,3.0
460,2014-02-06,4568.0,400.0,1.0,1.0,0,1.0,4.0
460,2014-02-07,3905.0,373.0,1.0,1.0,0,1.0,5.0
460,2014-02-08,1614.0,140.0,1.0,0.0,0,0.0,6.0
460,2014-02-09,0.0,0.0,0.0,0.0,0,0.0,7.0
460,2014-02-10,2847.0,326.0,1.0,0.0,0,1.0,1.0
460,2014-02-11,2983.0,310.0,1.0,0.0,0,1.0,2.0
460,2014-02-12,2838.0,277.0,1.0,0.0,0,1.0,3.0
460,2014-02-13,3218.0,335.0,1.0,0.0,0,0.0,4.0
460,2014-02-14,3596.0,390.0,1.0,0.0,0,0.0,5.0
460,2014-02-15,1415.0,142.0,1.0,0.0,0,0.0,6.0
460,2014-02-16,0.0,0.0,0.0,0.0,0,0.0,7.0
460,2014-02-17,6394.0,497.0,1.0,1.0,0,0.0,1.0
460,2014-02-18,5558.0,438.0,1.0,1.0,0,0.0,2.0
460,2014-02-19,4253.0,335.0,1.0,1.0,0,0.0,3.0
460,2014-02-20,4146.0,372.0,1.0,1.0,0,0.0,4.0
460,2014-02-21,4348.0,411.0,1.0,1.0,0,0.0,5.0
460,2014-02-22,1517.0,158.0,1.0,0.0,0,0.0,6.0
460,2014-02-23,0.0,0.0,0.0,0.0,0,0.0,7.0
460,2014-02-24,2861.0,312.0,1.0,0.0,0,0.0,1.0
460,2014-02-25,3112.0,319.0,1.0,0.0,0,0.0,2.0
460,2014-02-26,2385.0,266.0,1.0,0.0,0,0.0,3.0
460,2014-02-27,2717.0,273.0,1.0,0.0,0,0.0,4.0
460,2014-02-28,3987.0,365.0,1.0,0.0,0,0.0,5.0
460,2014-03-01,2121.0,190.0,1.0,0.0,0,0.0,6.0
460,2014-03-02,0.0,0.0,0.0,0.0,0,0.0,7.0
460,2014-03-03,6673.0,537.0,1.0,1.0,0,0.0,1.0
460,2014-03-04,4672.0,421.0,1.0,1.0,0,0.0,2.0
460,2014-03-05,4278.0,366.0,1.0,1.0,0,0.0,3.0
460,2014-03-06,4492.0,419.0,1.0,1.0,0,0.0,4.0
460,2014-03-07,3903.0,399.0,1.0,1.0,0,0.0,5.0
460,2014-03-08,1558.0,142.0,1.0,0.0,0,0.0,6.0
460,2014-03-09,0.0,0.0,0.0,0.0,0,0.0,7.0
460,2014-03-10,2843.0,307.0,1.0,0.0,0,0.0,1.0
460,2014-03-11,2997.0,314.0,1.0,0.0,0,0.0,2.0
460,2014-03-12,2627.0,283.0,1.0,0.0,0,0.0,3.0
460,2014-03-13,2791.0,291.0,1.0,0.0,0,0.0,4.0
460,2014-03-14,3069.0,320.0,1.0,0.0,0,0.0,5.0
460,2014-03-15,1755.0,128.0,1.0,0.0,0,0.0,6.0
460,2014-03-16,0.0,0.0,0.0,0.0,0,0.0,7.0
460,2014-03-17,6062.0,464.0,1.0,1.0,0,0.0,1.0
460,2014-03-18,4202.0,377.0,1.0,1.0,0,0.0,2.0
460,2014-03-19,3433.0,308.0,1.0,1.0,0,0.0,3.0
460,2014-03-20,2936.0,330.0,1.0,1.0,0,0.0,4.0
460,2014-03-21,3411.0,336.0,1.0,1.0,0,0.0,5.0
460,2014-03-22,1610.0,141.0,1.0,0.0,0,0.0,6.0
460,2014-03-23,0.0,0.0,0.0,0.0,0,0.0,7.0
460,2014-03-24,2653.0,298.0,1.0,0.0,0,0.0,1.0
460,2014-03-25,2633.0,308.0,1.0,0.0,0,0.0,2.0
460,2014-03-26,2393.0,249.0,1.0,0.0,0,0.0,3.0
460,2014-03-27,2997.0,310.0,1.0,0.0,0,0.0,4.0
460,2014-03-28,2581.0,299.0,1.0,0.0,0,0.0,5.0
460,2014-03-29,1318.0,126.0,1.0,0.0,0,0.0,6.0
460,2014-03-30,0.0,0.0,0.0,0.0,0,0.0,7.0
460,2014-03-31,6231.0,488.0,1.0,1.0,0,0.0,1.0
460,2014-04-01,5436.0,432.0,1.0,1.0,0,0.0,2.0
460,2014-04-02,3760.0,336.0,1.0,1.0,0,0.0,3.0
460,2014-04-03,4111.0,377.0,1.0,1.0,0,0.0,4.0
460,2014-04-04,4237.0,387.0,1.0,1.0,0,0.0,5.0
460,2014-04-05,1576.0,148.0,1.0,0.0,0,0.0,6.0
460,2014-04-06,0.0,0.0,0.0,0.0,0,0.0,7.0
460,2014-04-07,2665.0,276.0,1.0,0.0,0,0.0,1.0
460,2014-04-08,3084.0,331.0,1.0,0.0,0,0.0,2.0
460,2014-04-09,2738.0,281.0,1.0,0.0,0,0.0,3.0
460,2014-04-10,3271.0,351.0,1.0,0.0,0,0.0,4.0
460,2014-04-11,3069.0,309.0,1.0,0.0,0,0.0,5.0
460,2014-04-12,1282.0,135.0,1.0,0.0,0,0.0,6.0
460,2014-04-13,0.0,0.0,0.0,0.0,0,0.0,7.0
460,2014-04-14,7126.0,555.0,1.0,1.0,0,1.0,1.0
460,2014-04-15,6302.0,528.0,1.0,1.0,0,1.0,2.0
460,2014-04-16,5547.0,476.0,1.0,1.0,0,1.0,3.0
460,2014-04-17,5960.0,538.0,1.0,1.0,0,1.0,4.0
460,2014-04-18,0.0,0.0,0.0,1.0,2,0.0,5.0
460,2014-04-19,2954.0,284.0,1.0,0.0,0,0.0,6.0
460,2014-04-20,0.0,0.0,0.0,0.0,0,0.0,7.0
460,2014-04-21,0.0,0.0,0.0,0.0,2,0.0,1.0
460,2014-04-22,3110.0,333.0,1.0,0.0,0,0.0,2.0
460,2014-04-23,3008.0,311.0,1.0,0.0,0,0.0,3.0
460,2014-04-24,3218.0,347.0,1.0,0.0,0,0.0,4.0
460,2014-04-25,2948.0,335.0,1.0,0.0,0,0.0,5.0
460,2014-04-26,1303.0,137.0,1.0,0.0,0,0.0,6.0
460,2014-04-27,0.0,0.0,0.0,0.0,0,0.0,7.0
460,2014-04-28,5903.0,470.0,1.0,1.0,0,0.0,1.0
460,2014-04-29,5050.0,451.0,1.0,1.0,0,0.0,2.0
460,2014-04-30,6055.0,494.0,1.0,1.0,0,0.0,3.0
460,2014-05-01,0.0,0.0,0.0,1.0,1,0.0,4.0
460,2014-05-02,6324.0,584.0,1.0,1.0,0,0.0,5.0
460,2014-05-03,1509.0,163.0,1.0,0.0,0,0.0,6.0
460,2014-05-04,0.0,0.0,0.0,0.0,0,0.0,7.0
460,2014-05-05,6340.0,491.0,1.0,1.0,0,0.0,1.0
460,2014-05-06,4851.0,421.0,1.0,1.0,0,0.0,2.0
460,2014-05-07,4106.0,375.0,1.0,1.0,0,0.0,3.0
460,2014-05-08,5351.0,469.0,1.0,1.0,0,0.0,4.0
460,2014-05-09,4224.0,396.0,1.0,1.0,0,0.0,5.0
460,2014-05-10,1577.0,146.0,1.0,0.0,0,0.0,6.0
460,2014-05-11,0.0,0.0,0.0,0.0,0,0.0,7.0
460,2014-05-12,2835.0,289.0,1.0,0.0,0,0.0,1.0
460,2014-05-13,3141.0,343.0,1.0,0.0,0,0.0,2.0
460,2014-05-14,2713.0,274.0,1.0,0.0,0,0.0,3.0
460,2014-05-15,2715.0,297.0,1.0,0.0,0,0.0,4.0
460,2014-05-16,2953.0,300.0,1.0,0.0,0,0.0,5.0
460,2014-05-17,1164.0,121.0,1.0,0.0,0,0.0,6.0
460,2014-05-18,0.0,0.0,0.0,0.0,0,0.0,7.0
460,2014-05-19,5762.0,447.0,1.0,1.0,0,0.0,1.0
460,2014-05-20,4464.0,401.0,1.0,1.0,0,0.0,2.0
460,2014-05-21,3545.0,337.0,1.0,1.0,0,0.0,3.0
460,2014-05-22,4036.0,396.0,1.0,1.0,0,0.0,4.0
460,2014-05-23,3766.0,362.0,1.0,1.0,0,0.0,5.0
460,2014-05-24,1468.0,138.0,1.0,0.0,0,0.0,6.0
460,2014-05-25,0.0,0.0,0.0,0.0,0,0.0,7.0
460,2014-05-26,3277.0,353.0,1.0,0.0,0,0.0,1.0
460,2014-05-27,3209.0,323.0,1.0,0.0,0,0.0,2.0
460,2014-05-28,3437.0,308.0,1.0,0.0,0,0.0,3.0
460,2014-05-29,0.0,0.0,0.0,0.0,1,0.0,4.0
460,2014-05-30,5194.0,481.0,1.0,0.0,0,1.0,5.0
460,2014-05-31,1800.0,164.0,1.0,0.0,0,0.0,6.0
460,2014-06-01,0.0,0.0,0.0,0.0,0,0.0,7.0
460,2014-06-02,7513.0,560.0,1.0,1.0,0,1.0,1.0
460,2014-06-03,5156.0,454.0,1.0,1.0,0,1.0,2.0
460,2014-06-04,4364.0,374.0,1.0,1.0,0,1.0,3.0
460,2014-06-05,4482.0,420.0,1.0,1.0,0,1.0,4.0
460,2014-06-06,4866.0,435.0,1.0,1.0,0,1.0,5.0
460,2014-06-07,2041.0,211.0,1.0,0.0,0,0.0,6.0
460,2014-06-08,0.0,0.0,0.0,0.0,0,0.0,7.0
460,2014-06-09,0.0,0.0,0.0,0.0,1,0.0,1.0
460,2014-06-10,3453.0,336.0,1.0,0.0,0,0.0,2.0
460,2014-06-11,2685.0,277.0,1.0,0.0,0,0.0,3.0
460,2014-06-12,3989.0,405.0,1.0,0.0,0,0.0,4.0
460,2014-06-13,3977.0,376.0,1.0,0.0,0,0.0,5.0
460,2014-06-14,1550.0,149.0,1.0,0.0,0,0.0,6.0
460,2014-06-15,0.0,0.0,0.0,0.0,0,0.0,7.0
460,2014-06-16,6480.0,510.0,1.0,1.0,0,0.0,1.0
460,2014-06-17,5132.0,425.0,1.0,1.0,0,0.0,2.0
460,2014-06-18,4467.0,377.0,1.0,1.0,0,0.0,3.0
460,2014-06-19,4103.0,383.0,1.0,1.0,0,0.0,4.0
460,2014-06-20,4082.0,414.0,1.0,1.0,0,0.0,5.0
460,2014-06-21,1396.0,144.0,1.0,0.0,0,0.0,6.0
460,2014-06-22,0.0,0.0,0.0,0.0,0,0.0,7.0
460,2014-06-23,3040.0,329.0,1.0,0.0,0,0.0,1.0
460,2014-06-24,3143.0,330.0,1.0,0.0,0,0.0,2.0
460,2014-06-25,2570.0,261.0,1.0,0.0,0,0.0,3.0
460,2014-06-26,3392.0,343.0,1.0,0.0,0,0.0,4.0
460,2014-06-27,3288.0,318.0,1.0,0.0,0,0.0,5.0
460,2014-06-28,1514.0,157.0,1.0,0.0,0,0.0,6.0
460,2014-06-29,0.0,0.0,0.0,0.0,0,0.0,7.0
460,2014-06-30,7526.0,576.0,1.0,1.0,0,0.0,1.0
460,2014-07-01,5259.0,435.0,1.0,1.0,0,0.0,2.0
460,2014-07-02,4530.0,431.0,1.0,1.0,0,0.0,3.0
460,2014-07-03,4424.0,408.0,1.0,1.0,0,0.0,4.0
460,2014-07-04,4190.0,409.0,1.0,1.0,0,0.0,5.0
460,2014-07-05,1662.0,146.0,1.0,0.0,0,0.0,6.0
460,2014-07-06,0.0,0.0,0.0,0.0,0,0.0,7.0
460,2014-07-07,3336.0,364.0,1.0,0.0,0,0.0,1.0
460,2014-07-08,3182.0,335.0,1.0,0.0,0,0.0,2.0
460,2014-07-09,2808.0,292.0,1.0,0.0,0,0.0,3.0
460,2014-07-10,3667.0,361.0,1.0,0.0,0,0.0,4.0
460,2014-07-11,4132.0,402.0,1.0,0.0,0,0.0,5.0
460,2014-07-12,1705.0,168.0,1.0,0.0,0,0.0,6.0
460,2014-07-13,0.0,0.0,0.0,0.0,0,0.0,7.0
460,2014-07-14,6618.0,511.0,1.0,1.0,0,0.0,1.0
460,2014-07-15,4692.0,421.0,1.0,1.0,0,0.0,2.0
460,2014-07-16,5251.0,428.0,1.0,1.0,0,0.0,3.0
460,2014-07-17,3929.0,407.0,1.0,1.0,0,0.0,4.0
460,2014-07-18,4394.0,415.0,1.0,1.0,0,0.0,5.0
460,2014-07-19,1660.0,213.0,1.0,0.0,0,0.0,6.0
460,2014-07-20,0.0,0.0,0.0,0.0,0,0.0,7.0
460,2014-07-21,3004.0,335.0,1.0,0.0,0,1.0,1.0
460,2014-07-22,2724.0,314.0,1.0,0.0,0,1.0,2.0
460,2014-07-23,2763.0,349.0,1.0,0.0,0,1.0,3.0
460,2014-07-24,3745.0,369.0,1.0,0.0,0,1.0,4.0
460,2014-07-25,3411.0,344.0,1.0,0.0,0,1.0,5.0
460,2014-07-26,1359.0,137.0,1.0,0.0,0,0.0,6.0
460,2014-07-27,0.0,0.0,0.0,0.0,0,0.0,7.0
460,2014-07-28,5937.0,478.0,1.0,1.0,0,1.0,1.0
460,2014-07-29,4288.0,399.0,1.0,1.0,0,1.0,2.0
460,2014-07-30,4545.0,386.0,1.0,1.0,0,1.0,3.0
460,2014-07-31,5775.0,486.0,1.0,1.0,0,1.0,4.0
460,2014-08-01,4714.0,446.0,1.0,1.0,0,1.0,5.0
460,2014-08-02,1900.0,179.0,1.0,0.0,0,0.0,6.0
460,2014-08-03,0.0,0.0,0.0,0.0,0,0.0,7.0
460,2014-08-04,6162.0,497.0,1.0,1.0,0,1.0,1.0
460,2014-08-05,4393.0,402.0,1.0,1.0,0,1.0,2.0
460,2014-08-06,4291.0,406.0,1.0,1.0,0,1.0,3.0
460,2014-08-07,4112.0,407.0,1.0,1.0,0,1.0,4.0
460,2014-08-08,4393.0,416.0,1.0,1.0,0,1.0,5.0
460,2014-08-09,1827.0,197.0,1.0,0.0,0,0.0,6.0
460,2014-08-10,0.0,0.0,0.0,0.0,0,0.0,7.0
460,2014-08-11,3454.0,383.0,1.0,0.0,0,1.0,1.0
460,2014-08-12,2899.0,337.0,1.0,0.0,0,1.0,2.0
460,2014-08-13,2807.0,292.0,1.0,0.0,0,1.0,3.0
460,2014-08-14,3359.0,350.0,1.0,0.0,0,1.0,4.0
460,2014-08-15,3399.0,359.0,1.0,0.0,0,1.0,5.0
460,2014-08-16,2043.0,190.0,1.0,0.0,0,0.0,6.0
460,2014-08-17,0.0,0.0,0.0,0.0,0,0.0,7.0
460,2014-08-18,6941.0,501.0,1.0,1.0,0,1.0,1.0
460,2014-08-19,5259.0,458.0,1.0,1.0,0,1.0,2.0
460,2014-08-20,3521.0,360.0,1.0,1.0,0,1.0,3.0
460,2014-08-21,4210.0,398.0,1.0,1.0,0,1.0,4.0
460,2014-08-22,4206.0,423.0,1.0,1.0,0,1.0,5.0
460,2014-08-23,1837.0,175.0,1.0,0.0,0,0.0,6.0
460,2014-08-24,0.0,0.0,0.0,0.0,0,0.0,7.0
460,2014-08-25,3170.0,345.0,1.0,0.0,0,1.0,1.0
460,2014-08-26,3030.0,335.0,1.0,0.0,0,1.0,2.0
460,2014-08-27,2486.0,282.0,1.0,0.0,0,1.0,3.0
460,2014-08-28,3062.0,341.0,1.0,0.0,0,1.0,4.0
460,2014-08-29,4075.0,414.0,1.0,0.0,0,1.0,5.0
460,2014-08-30,1976.0,181.0,1.0,0.0,0,0.0,6.0
460,2014-08-31,0.0,0.0,0.0,0.0,0,0.0,7.0
460,2014-09-01,7713.0,585.0,1.0,1.0,0,1.0,1.0
460,2014-09-02,5737.0,458.0,1.0,1.0,0,1.0,2.0
460,2014-09-03,4201.0,397.0,1.0,1.0,0,1.0,3.0
460,2014-09-04,3892.0,384.0,1.0,1.0,0,0.0,4.0
460,2014-09-05,3129.0,331.0,1.0,1.0,0,0.0,5.0
460,2014-09-06,931.0,117.0,1.0,0.0,0,0.0,6.0
460,2014-09-07,0.0,0.0,0.0,0.0,0,0.0,7.0
460,2014-09-08,2987.0,320.0,1.0,0.0,0,0.0,1.0
460,2014-09-09,3456.0,363.0,1.0,0.0,0,0.0,2.0
460,2014-09-10,3280.0,315.0,1.0,0.0,0,0.0,3.0
460,2014-09-11,3567.0,353.0,1.0,0.0,0,0.0,4.0
460,2014-09-12,4006.0,386.0,1.0,0.0,0,0.0,5.0
460,2014-09-13,1112.0,97.0,1.0,0.0,0,0.0,6.0
460,2014-09-14,0.0,0.0,0.0,0.0,0,0.0,7.0
460,2014-09-15,6477.0,509.0,1.0,1.0,0,0.0,1.0
460,2014-09-16,5401.0,436.0,1.0,1.0,0,0.0,2.0
460,2014-09-17,3639.0,328.0,1.0,1.0,0,0.0,3.0
460,2014-09-18,4176.0,357.0,1.0,1.0,0,0.0,4.0
460,2014-09-19,4299.0,397.0,1.0,1.0,0,0.0,5.0
460,2014-09-20,1360.0,146.0,1.0,0.0,0,0.0,6.0
460,2014-09-21,0.0,0.0,0.0,0.0,0,0.0,7.0
460,2014-09-22,2399.0,280.0,1.0,0.0,0,0.0,1.0
460,2014-09-23,2783.0,334.0,1.0,0.0,0,0.0,2.0
460,2014-09-24,2499.0,285.0,1.0,0.0,0,0.0,3.0
460,2014-09-25,3044.0,329.0,1.0,0.0,0,0.0,4.0
460,2014-09-26,2959.0,316.0,1.0,0.0,0,0.0,5.0
460,2014-09-27,1079.0,113.0,1.0,0.0,0,0.0,6.0
460,2014-09-28,0.0,0.0,0.0,0.0,0,0.0,7.0
460,2014-09-29,5387.0,421.0,1.0,1.0,0,0.0,1.0
460,2014-09-30,5394.0,469.0,1.0,1.0,0,0.0,2.0
460,2014-10-01,4836.0,411.0,1.0,1.0,0,0.0,3.0
460,2014-10-02,5691.0,501.0,1.0,1.0,0,0.0,4.0
460,2014-10-03,0.0,0.0,0.0,1.0,1,0.0,5.0
460,2014-10-04,2196.0,202.0,1.0,0.0,0,0.0,6.0
460,2014-10-05,0.0,0.0,0.0,0.0,0,0.0,7.0
460,2014-10-06,6627.0,477.0,1.0,1.0,0,0.0,1.0
460,2014-10-07,5083.0,435.0,1.0,1.0,0,0.0,2.0
460,2014-10-08,3464.0,318.0,1.0,1.0,0,0.0,3.0
460,2014-10-09,4358.0,410.0,1.0,1.0,0,0.0,4.0
460,2014-10-10,4594.0,416.0,1.0,1.0,0,0.0,5.0
460,2014-10-11,1303.0,133.0,1.0,0.0,0,0.0,6.0
460,2014-10-12,0.0,0.0,0.0,0.0,0,0.0,7.0
460,2014-10-13,2895.0,312.0,1.0,0.0,0,0.0,1.0
460,2014-10-14,3557.0,347.0,1.0,0.0,0,0.0,2.0
460,2014-10-15,2933.0,295.0,1.0,0.0,0,0.0,3.0
460,2014-10-16,3050.0,307.0,1.0,0.0,0,0.0,4.0
460,2014-10-17,3266.0,365.0,1.0,0.0,0,0.0,5.0
460,2014-10-18,1346.0,140.0,1.0,0.0,0,0.0,6.0
460,2014-10-19,0.0,0.0,0.0,0.0,0,0.0,7.0
460,2014-10-20,5284.0,403.0,1.0,1.0,0,0.0,1.0
460,2014-10-21,4431.0,395.0,1.0,1.0,0,0.0,2.0
460,2014-10-22,4054.0,343.0,1.0,1.0,0,0.0,3.0
460,2014-10-23,4398.0,410.0,1.0,1.0,0,0.0,4.0
460,2014-10-24,3979.0,377.0,1.0,1.0,0,0.0,5.0
460,2014-10-25,1261.0,124.0,1.0,0.0,0,0.0,6.0
460,2014-10-26,0.0,0.0,0.0,0.0,0,0.0,7.0
460,2014-10-27,2841.0,315.0,1.0,0.0,0,1.0,1.0
460,2014-10-28,2714.0,285.0,1.0,0.0,0,1.0,2.0
460,2014-10-29,2924.0,294.0,1.0,0.0,0,1.0,3.0
460,2014-10-30,4901.0,433.0,1.0,0.0,0,1.0,4.0
460,2014-10-31,0.0,0.0,0.0,0.0,1,1.0,5.0
460,2014-11-01,2090.0,190.0,1.0,0.0,0,0.0,6.0
460,2014-11-02,0.0,0.0,0.0,0.0,0,0.0,7.0
460,2014-11-03,7229.0,517.0,1.0,1.0,0,0.0,1.0
460,2014-11-04,5748.0,472.0,1.0,1.0,0,0.0,2.0
460,2014-11-05,4299.0,373.0,1.0,1.0,0,0.0,3.0
460,2014-11-06,4915.0,425.0,1.0,1.0,0,0.0,4.0
460,2014-11-07,4078.0,387.0,1.0,1.0,0,0.0,5.0
460,2014-11-08,1370.0,116.0,1.0,0.0,0,0.0,6.0
460,2014-11-09,0.0,0.0,0.0,0.0,0,0.0,7.0
460,2014-11-10,5503.0,432.0,1.0,1.0,0,0.0,1.0
460,2014-11-11,4229.0,375.0,1.0,1.0,0,0.0,2.0
460,2014-11-12,3880.0,312.0,1.0,1.0,0,0.0,3.0
460,2014-11-13,4631.0,405.0,1.0,1.0,0,0.0,4.0
460,2014-11-14,3952.0,367.0,1.0,1.0,0,0.0,5.0
460,2014-11-15,1350.0,137.0,1.0,0.0,0,0.0,6.0
460,2014-11-16,0.0,0.0,0.0,0.0,0,0.0,7.0
460,2014-11-17,3415.0,345.0,1.0,0.0,0,0.0,1.0
460,2014-11-18,3049.0,298.0,1.0,0.0,0,0.0,2.0
460,2014-11-19,3012.0,278.0,1.0,0.0,0,0.0,3.0
460,2014-11-20,3183.0,312.0,1.0,0.0,0,0.0,4.0
460,2014-11-21,3613.0,339.0,1.0,0.0,0,0.0,5.0
460,2014-11-22,1336.0,141.0,1.0,0.0,0,0.0,6.0
460,2014-11-23,0.0,0.0,0.0,0.0,0,0.0,7.0
460,2014-11-24,6907.0,485.0,1.0,1.0,0,0.0,1.0
460,2014-11-25,5428.0,414.0,1.0,1.0,0,0.0,2.0
460,2014-11-26,4452.0,343.0,1.0,1.0,0,0.0,3.0
460,2014-11-27,4865.0,384.0,1.0,1.0,0,0.0,4.0
460,2014-11-28,5249.0,416.0,1.0,1.0,0,0.0,5.0
460,2014-11-29,1913.0,172.0,1.0,0.0,0,0.0,6.0
460,2014-11-30,0.0,0.0,0.0,0.0,0,0.0,7.0
460,2014-12-01,7865.0,546.0,1.0,1.0,0,0.0,1.0
460,2014-12-02,6012.0,452.0,1.0,1.0,0,0.0,2.0
460,2014-12-03,5518.0,412.0,1.0,1.0,0,0.0,3.0
460,2014-12-04,5457.0,433.0,1.0,1.0,0,0.0,4.0
460,2014-12-05,5432.0,469.0,1.0,1.0,0,0.0,5.0
460,2014-12-06,1938.0,174.0,1.0,0.0,0,0.0,6.0
460,2014-12-07,0.0,0.0,0.0,0.0,0,0.0,7.0
460,2014-12-08,3831.0,368.0,1.0,0.0,0,0.0,1.0
460,2014-12-09,3753.0,321.0,1.0,0.0,0,0.0,2.0
460,2014-12-10,3199.0,291.0,1.0,0.0,0,0.0,3.0
460,2014-12-11,3528.0,314.0,1.0,0.0,0,0.0,4.0
460,2014-12-12,3854.0,335.0,1.0,0.0,0,0.0,5.0
460,2014-12-13,1870.0,158.0,1.0,0.0,0,0.0,6.0
460,2014-12-14,0.0,0.0,0.0,0.0,0,0.0,7.0
460,2014-12-15,9160.0,559.0,1.0,1.0,0,0.0,1.0
460,2014-12-16,7735.0,507.0,1.0,1.0,0,0.0,2.0
460,2014-12-17,5373.0,422.0,1.0,1.0,0,0.0,3.0
460,2014-12-18,6452.0,495.0,1.0,1.0,0,0.0,4.0
460,2014-12-19,6012.0,426.0,1.0,1.0,0,0.0,5.0
460,2014-12-20,3048.0,209.0,1.0,0.0,0,0.0,6.0
460,2014-12-21,0.0,0.0,0.0,0.0,0,0.0,7.0
460,2014-12-22,8338.0,639.0,1.0,0.0,0,1.0,1.0
460,2014-12-23,6802.0,614.0,1.0,0.0,0,1.0,2.0
460,2014-12-24,2998.0,267.0,1.0,0.0,0,1.0,3.0
460,2014-12-25,0.0,0.0,0.0,0.0,3,1.0,4.0
460,2014-12-26,0.0,0.0,0.0,0.0,3,1.0,5.0
460,2014-12-27,2221.0,192.0,1.0,0.0,0,0.0,6.0
460,2014-12-28,0.0,0.0,0.0,0.0,0,0.0,7.0
460,2014-12-29,4966.0,444.0,1.0,0.0,0,1.0,1.0
460,2014-12-30,4039.0,368.0,1.0,0.0,0,1.0,2.0
460,2014-12-31,2038.0,182.0,1.0,0.0,0,1.0,3.0
460,2015-01-01,0.0,0.0,0.0,0.0,1,1.0,4.0
460,2015-01-02,3675.0,387.0,1.0,0.0,0,1.0,5.0
460,2015-01-03,1234.0,127.0,1.0,0.0,0,0.0,6.0
460,2015-01-04,0.0,0.0,0.0,0.0,0,0.0,7.0
460,2015-01-05,7475.0,566.0,1.0,1.0,0,1.0,1.0
460,2015-01-06,0.0,0.0,0.0,1.0,1,0.0,2.0
460,2015-01-07,5140.0,457.0,1.0,1.0,0,0.0,3.0
460,2015-01-08,4760.0,417.0,1.0,1.0,0,0.0,4.0
460,2015-01-09,3410.0,298.0,1.0,1.0,0,0.0,5.0
460,2015-01-10,1631.0,153.0,1.0,0.0,0,0.0,6.0
460,2015-01-11,0.0,0.0,0.0,0.0,0,0.0,7.0
460,2015-01-12,5518.0,451.0,1.0,1.0,0,0.0,1.0
460,2015-01-13,4727.0,392.0,1.0,1.0,0,0.0,2.0
460,2015-01-14,4422.0,357.0,1.0,1.0,0,0.0,3.0
460,2015-01-15,4279.0,370.0,1.0,1.0,0,0.0,4.0
460,2015-01-16,4469.0,421.0,1.0,1.0,0,0.0,5.0
460,2015-01-17,1538.0,146.0,1.0,0.0,0,0.0,6.0
460,2015-01-18,0.0,0.0,0.0,0.0,0,0.0,7.0
460,2015-01-19,3234.0,306.0,1.0,0.0,0,0.0,1.0
460,2015-01-20,2529.0,270.0,1.0,0.0,0,0.0,2.0
460,2015-01-21,2467.0,261.0,1.0,0.0,0,0.0,3.0
460,2015-01-22,3011.0,300.0,1.0,0.0,0,0.0,4.0
460,2015-01-23,3430.0,332.0,1.0,0.0,0,0.0,5.0
460,2015-01-24,1395.0,137.0,1.0,0.0,0,0.0,6.0
460,2015-01-25,0.0,0.0,0.0,0.0,0,0.0,7.0
460,2015-01-26,5329.0,409.0,1.0,1.0,0,0.0,1.0
460,2015-01-27,4900.0,395.0,1.0,1.0,0,0.0,2.0
460,2015-01-28,3309.0,309.0,1.0,1.0,0,0.0,3.0
460,2015-01-29,4155.0,367.0,1.0,1.0,0,0.0,4.0
460,2015-01-30,4596.0,366.0,1.0,1.0,0,0.0,5.0
460,2015-01-31,1491.0,147.0,1.0,0.0,0,0.0,6.0
460,2015-02-01,0.0,0.0,0.0,0.0,0,0.0,7.0
460,2015-02-02,6316.0,507.0,1.0,1.0,0,1.0,1.0
460,2015-02-03,4617.0,392.0,1.0,1.0,0,1.0,2.0
460,2015-02-04,3330.0,314.0,1.0,1.0,0,1.0,3.0
460,2015-02-05,4690.0,443.0,1.0,1.0,0,1.0,4.0
460,2015-02-06,3854.0,366.0,1.0,1.0,0,1.0,5.0
460,2015-02-07,1433.0,134.0,1.0,0.0,0,0.0,6.0
460,2015-02-08,0.0,0.0,0.0,0.0,0,0.0,7.0
460,2015-02-09,2574.0,284.0,1.0,0.0,0,1.0,1.0
460,2015-02-10,2982.0,297.0,1.0,0.0,0,1.0,2.0
460,2015-02-11,2207.0,224.0,1.0,0.0,0,1.0,3.0
460,2015-02-12,2974.0,314.0,1.0,0.0,0,1.0,4.0
460,2015-02-13,3600.0,338.0,1.0,0.0,0,1.0,5.0
460,2015-02-14,1910.0,169.0,1.0,0.0,0,0.0,6.0
460,2015-02-15,0.0,0.0,0.0,0.0,0,0.0,7.0
460,2015-02-16,6102.0,480.0,1.0,1.0,0,0.0,1.0
460,2015-02-17,4929.0,420.0,1.0,1.0,0,0.0,2.0
460,2015-02-18,3572.0,324.0,1.0,1.0,0,0.0,3.0
460,2015-02-19,4106.0,376.0,1.0,1.0,0,0.0,4.0
460,2015-02-20,4363.0,404.0,1.0,1.0,0,0.0,5.0
460,2015-02-21,1880.0,164.0,1.0,0.0,0,0.0,6.0
460,2015-02-22,0.0,0.0,0.0,0.0,0,0.0,7.0
460,2015-02-23,2644.0,287.0,1.0,0.0,0,0.0,1.0
460,2015-02-24,3142.0,343.0,1.0,0.0,0,0.0,2.0
460,2015-02-25,2454.0,250.0,1.0,0.0,0,0.0,3.0
460,2015-02-26,2748.0,290.0,1.0,0.0,0,0.0,4.0
460,2015-02-27,3648.0,365.0,1.0,0.0,0,0.0,5.0
460,2015-02-28,1671.0,154.0,1.0,0.0,0,0.0,6.0
460,2015-03-01,0.0,0.0,0.0,0.0,0,0.0,7.0
460,2015-03-02,5685.0,439.0,1.0,1.0,0,0.0,1.0
460,2015-03-03,4445.0,373.0,1.0,1.0,0,0.0,2.0
460,2015-03-04,4134.0,324.0,1.0,1.0,0,0.0,3.0
460,2015-03-05,4438.0,390.0,1.0,1.0,0,0.0,4.0
460,2015-03-06,4137.0,369.0,1.0,1.0,0,0.0,5.0
460,2015-03-07,1374.0,141.0,1.0,0.0,0,0.0,6.0
460,2015-03-08,0.0,0.0,0.0,0.0,0,0.0,7.0
460,2015-03-09,2934.0,291.0,1.0,0.0,0,0.0,1.0
460,2015-03-10,2762.0,284.0,1.0,0.0,0,0.0,2.0
460,2015-03-11,2724.0,292.0,1.0,0.0,0,0.0,3.0
460,2015-03-12,3016.0,298.0,1.0,0.0,0,0.0,4.0
460,2015-03-13,2996.0,312.0,1.0,0.0,0,0.0,5.0
460,2015-03-14,1418.0,142.0,1.0,0.0,0,0.0,6.0
460,2015-03-15,0.0,0.0,0.0,0.0,0,0.0,7.0
460,2015-03-16,5910.0,456.0,1.0,1.0,0,0.0,1.0
460,2015-03-17,4425.0,409.0,1.0,1.0,0,0.0,2.0
460,2015-03-18,3612.0,321.0,1.0,1.0,0,0.0,3.0
460,2015-03-19,4324.0,362.0,1.0,1.0,0,0.0,4.0
460,2015-03-20,4321.0,377.0,1.0,1.0,0,0.0,5.0
460,2015-03-21,1483.0,140.0,1.0,0.0,0,0.0,6.0
460,2015-03-22,0.0,0.0,0.0,0.0,0,0.0,7.0
460,2015-03-23,2909.0,298.0,1.0,0.0,0,0.0,1.0
460,2015-03-24,2913.0,308.0,1.0,0.0,0,0.0,2.0
460,2015-03-25,2754.0,272.0,1.0,0.0,0,0.0,3.0
460,2015-03-26,3197.0,293.0,1.0,0.0,0,0.0,4.0
460,2015-03-27,3207.0,305.0,1.0,0.0,0,0.0,5.0
460,2015-03-28,1394.0,132.0,1.0,0.0,0,0.0,6.0
460,2015-03-29,0.0,0.0,0.0,0.0,0,0.0,7.0
460,2015-03-30,7187.0,482.0,1.0,1.0,0,0.0,1.0
460,2015-03-31,5982.0,430.0,1.0,1.0,0,0.0,2.0
460,2015-04-01,5806.0,433.0,1.0,1.0,0,0.0,3.0
460,2015-04-02,6419.0,539.0,1.0,1.0,0,1.0,4.0
460,2015-04-03,0.0,0.0,0.0,1.0,2,0.0,5.0
460,2015-04-04,3430.0,292.0,1.0,0.0,0,0.0,6.0
460,2015-04-05,0.0,0.0,0.0,0.0,0,0.0,7.0
460,2015-04-06,0.0,0.0,0.0,0.0,2,0.0,1.0
460,2015-04-07,4156.0,392.0,1.0,0.0,0,0.0,2.0
460,2015-04-08,3040.0,299.0,1.0,0.0,0,0.0,3.0
460,2015-04-09,3300.0,340.0,1.0,0.0,0,0.0,4.0
460,2015-04-10,3182.0,314.0,1.0,0.0,0,0.0,5.0
460,2015-04-11,1388.0,146.0,1.0,0.0,0,0.0,6.0
460,2015-04-12,0.0,0.0,0.0,0.0,0,0.0,7.0
460,2015-04-13,6292.0,460.0,1.0,1.0,0,0.0,1.0
460,2015-04-14,5168.0,421.0,1.0,1.0,0,0.0,2.0
460,2015-04-15,3583.0,329.0,1.0,1.0,0,0.0,3.0
460,2015-04-16,4579.0,399.0,1.0,1.0,0,0.0,4.0
460,2015-04-17,3747.0,335.0,1.0,1.0,0,0.0,5.0
460,2015-04-18,1317.0,134.0,1.0,0.0,0,0.0,6.0
460,2015-04-19,0.0,0.0,0.0,0.0,0,0.0,7.0
460,2015-04-20,3074.0,335.0,1.0,0.0,0,0.0,1.0
460,2015-04-21,2676.0,296.0,1.0,0.0,0,0.0,2.0
460,2015-04-22,2688.0,281.0,1.0,0.0,0,0.0,3.0
460,2015-04-23,2737.0,297.0,1.0,0.0,0,0.0,4.0
460,2015-04-24,2809.0,324.0,1.0,0.0,0,0.0,5.0
460,2015-04-25,1545.0,144.0,1.0,0.0,0,0.0,6.0
460,2015-04-26,0.0,0.0,0.0,0.0,0,0.0,7.0
460,2015-04-27,6103.0,430.0,1.0,1.0,0,0.0,1.0
460,2015-04-28,4803.0,425.0,1.0,1.0,0,0.0,2.0
460,2015-04-29,4473.0,378.0,1.0,1.0,0,0.0,3.0
460,2015-04-30,6155.0,543.0,1.0,1.0,0,0.0,4.0
460,2015-05-01,0.0,0.0,0.0,1.0,1,0.0,5.0
460,2015-05-02,2377.0,244.0,1.0,0.0,0,0.0,6.0
460,2015-05-03,0.0,0.0,0.0,0.0,0,0.0,7.0
460,2015-05-04,5671.0,481.0,1.0,1.0,0,0.0,1.0
460,2015-05-05,4882.0,418.0,1.0,1.0,0,0.0,2.0
460,2015-05-06,3802.0,368.0,1.0,1.0,0,0.0,3.0
460,2015-05-07,4449.0,382.0,1.0,1.0,0,0.0,4.0
460,2015-05-08,4179.0,410.0,1.0,1.0,0,0.0,5.0
460,2015-05-09,1588.0,159.0,1.0,0.0,0,0.0,6.0
460,2015-05-10,0.0,0.0,0.0,0.0,0,0.0,7.0
460,2015-05-11,3366.0,345.0,1.0,0.0,0,0.0,1.0
460,2015-05-12,3384.0,345.0,1.0,0.0,0,0.0,2.0
460,2015-05-13,3431.0,333.0,1.0,0.0,0,0.0,3.0
460,2015-05-14,0.0,0.0,0.0,0.0,1,0.0,4.0
460,2015-05-15,4397.0,466.0,1.0,0.0,0,1.0,5.0
460,2015-05-16,1292.0,144.0,1.0,0.0,0,0.0,6.0
460,2015-05-17,0.0,0.0,0.0,0.0,0,0.0,7.0
460,2015-05-18,5899.0,518.0,1.0,1.0,0,1.0,1.0
460,2015-05-19,4735.0,451.0,1.0,1.0,0,1.0,2.0
460,2015-05-20,3970.0,346.0,1.0,1.0,0,1.0,3.0
460,2015-05-21,4127.0,374.0,1.0,1.0,0,1.0,4.0
460,2015-05-22,3542.0,355.0,1.0,1.0,0,1.0,5.0
460,2015-05-23,1740.0,177.0,1.0,0.0,0,0.0,6.0
460,2015-05-24,0.0,0.0,0.0,0.0,0,0.0,7.0
460,2015-05-25,0.0,0.0,0.0,0.0,1,0.0,1.0
460,2015-05-26,3990.0,423.0,1.0,0.0,0,0.0,2.0
460,2015-05-27,3423.0,363.0,1.0,0.0,0,0.0,3.0
460,2015-05-28,3716.0,383.0,1.0,0.0,0,0.0,4.0
460,2015-05-29,4431.0,418.0,1.0,0.0,0,0.0,5.0
460,2015-05-30,2048.0,173.0,1.0,0.0,0,0.0,6.0
460,2015-05-31,0.0,0.0,0.0,0.0,0,0.0,7.0
460,2015-06-01,6818.0,502.0,1.0,1.0,0,0.0,1.0
460,2015-06-02,5327.0,470.0,1.0,1.0,0,0.0,2.0
460,2015-06-03,3968.0,380.0,1.0,1.0,0,0.0,3.0
460,2015-06-04,4683.0,437.0,1.0,1.0,0,0.0,4.0
460,2015-06-05,4247.0,427.0,1.0,1.0,0,0.0,5.0
460,2015-06-06,1625.0,151.0,1.0,0.0,0,0.0,6.0
460,2015-06-07,0.0,0.0,0.0,0.0,0,0.0,7.0
460,2015-06-08,3436.0,371.0,1.0,0.0,0,0.0,1.0
460,2015-06-09,2883.0,340.0,1.0,0.0,0,0.0,2.0
460,2015-06-10,2827.0,327.0,1.0,0.0,0,0.0,3.0
460,2015-06-11,2982.0,353.0,1.0,0.0,0,0.0,4.0
460,2015-06-12,3386.0,339.0,1.0,0.0,0,0.0,5.0
460,2015-06-13,1444.0,140.0,1.0,0.0,0,0.0,6.0
460,2015-06-14,0.0,0.0,0.0,0.0,0,0.0,7.0
460,2015-06-15,6168.0,473.0,1.0,1.0,0,0.0,1.0
460,2015-06-16,6035.0,485.0,1.0,1.0,0,0.0,2.0
460,2015-06-17,4069.0,394.0,1.0,1.0,0,0.0,3.0
460,2015-06-18,3931.0,391.0,1.0,1.0,0,0.0,4.0
460,2015-06-19,3721.0,394.0,1.0,1.0,0,0.0,5.0
460,2015-06-20,1696.0,180.0,1.0,0.0,0,0.0,6.0
460,2015-06-21,0.0,0.0,0.0,0.0,0,0.0,7.0
460,2015-06-22,3382.0,335.0,1.0,0.0,0,0.0,1.0
460,2015-06-23,3029.0,335.0,1.0,0.0,0,0.0,2.0
460,2015-06-24,2647.0,298.0,1.0,0.0,0,0.0,3.0
460,2015-06-25,3450.0,361.0,1.0,0.0,0,0.0,4.0
460,2015-06-26,3135.0,338.0,1.0,0.0,0,0.0,5.0
460,2015-06-27,1766.0,158.0,1.0,0.0,0,0.0,6.0
460,2015-06-28,0.0,0.0,0.0,0.0,0,0.0,7.0
460,2015-06-29,6770.0,516.0,1.0,1.0,0,0.0,1.0
460,2015-06-30,6211.0,484.0,1.0,1.0,0,0.0,2.0
460,2015-07-01,5050.0,438.0,1.0,1.0,0,0.0,3.0
460,2015-07-02,5137.0,466.0,1.0,1.0,0,0.0,4.0
460,2015-07-03,4386.0,402.0,1.0,1.0,0,0.0,5.0
460,2015-07-04,2084.0,242.0,1.0,0.0,0,0.0,6.0
460,2015-07-05,0.0,0.0,0.0,0.0,0,0.0,7.0
460,2015-07-06,3275.0,357.0,1.0,0.0,0,0.0,1.0
460,2015-07-07,3455.0,374.0,1.0,0.0,0,0.0,2.0
460,2015-07-08,2513.0,302.0,1.0,0.0,0,0.0,3.0
460,2015-07-09,4036.0,385.0,1.0,0.0,0,0.0,4.0
460,2015-07-10,3600.0,379.0,1.0,0.0,0,0.0,5.0
460,2015-07-11,2029.0,230.0,1.0,0.0,0,0.0,6.0
460,2015-07-12,0.0,0.0,0.0,0.0,0,0.0,7.0
460,2015-07-13,6746.0,533.0,1.0,1.0,0,1.0,1.0
460,2015-07-14,4590.0,422.0,1.0,1.0,0,1.0,2.0
460,2015-07-15,4628.0,423.0,1.0,1.0,0,1.0,3.0
460,2015-07-16,4056.0,405.0,1.0,1.0,0,1.0,4.0
460,2015-07-17,4146.0,408.0,1.0,1.0,0,1.0,5.0
460,2015-07-18,1688.0,213.0,1.0,0.0,0,0.0,6.0
460,2015-07-19,0.0,0.0,0.0,0.0,0,0.0,7.0
460,2015-07-20,3983.0,416.0,1.0,0.0,0,1.0,1.0
460,2015-07-21,3283.0,395.0,1.0,0.0,0,1.0,2.0
460,2015-07-22,3096.0,342.0,1.0,0.0,0,1.0,3.0
460,2015-07-23,4010.0,442.0,1.0,0.0,0,1.0,4.0
460,2015-07-24,3147.0,352.0,1.0,0.0,0,1.0,5.0
460,2015-07-25,1881.0,246.0,1.0,0.0,0,0.0,6.0
460,2015-07-26,0.0,0.0,0.0,0.0,0,0.0,7.0
460,2015-07-27,7199.0,571.0,1.0,1.0,0,1.0,1.0
460,2015-07-28,4758.0,458.0,1.0,1.0,0,1.0,2.0
460,2015-07-29,4657.0,413.0,1.0,1.0,0,1.0,3.0
460,2015-07-30,4472.0,411.0,1.0,1.0,0,1.0,4.0
460,2015-07-31,5538.0,541.0,1.0,1.0,0,1.0,5.0
