id,timestamp,target,Customers,Open,Promo,StateHoliday,SchoolHoliday,DayOfWeek,week_sin,week_cos,month_sin,month_cos,quarter,is_month_start,is_month_end,lag_1_known,lag_1,lag_2_known,lag_2,lag_4_known,lag_4,lag_8_known,lag_8,lag_12_known,lag_12,lag_16_known,lag_16,lag_24_known,lag_24,lag_52_known,lag_52,ema_4,ema_8,chg_1
166,2013-01-01,0.0,0.0,0.0,0.0,1,1.0,2.0,0.11827317,0.9929811,0.5,0.8660254,1,1,0,0,0.0,0,0.0,0,0.0,0,0.0,0,0.0,0,0.0,0,0.0,0,0.0,0.0,0.0,0.0
166,2013-01-02,5882.0,893.0,1.0,0.0,0,1.0,3.0,0.11827317,0.9929811,0.5,0.8660254,1,0,0,1,0.0,0,0.0,0,0.0,0,0.0,0,0.0,0,0.0,0,0.0,0,0.0,0.0,0.0,0.0
166,2013-01-03,5190.0,811.0,1.0,0.0,0,1.0,4.0,0.11827317,0.9929811,0.5,0.8660254,1,0,0,1,5882.0,1,0.0,0,0.0,0,0.0,0,0.0,0,0.0,0,0.0,0,0.0,2352.8,1307.1111,5882.0
166,2013-01-04,5309.0,786.0,1.0,0.0,0,1.0,5.0,0.11827317,0.9929811,0.5,0.8660254,1,0,0,1,5190.0,1,5882.0,0,0.0,0,0.0,0,0.0,0,0.0,0,0.0,0,0.0,3487.68,2169.9753,-692.0
166,2013-01-05,5684.0,860.0,1.0,0.0,0,0.0,6.0,0.11827317,0.9929811,0.5,0.8660254,1,0,0,1,5309.0,1,5190.0,1,0.0,0,0.0,0,0.0,0,0.0,0,0.0,0,0.0,4216.208,2867.5364,119.0
166,2013-01-06,0.0,0.0,0.0,0.0,0,0.0,7.0,0.11827317,0.9929811,0.5,0.8660254,1,0,0,1,5684.0,1,5309.0,1,5882.0,0,0.0,0,0.0,0,0.0,0,0.0,0,0.0,4803.3247,3493.4172,375.0
166,2013-01-07,8034.0,995.0,1.0,1.0,0,0.0,1.0,0.23488605,0.9720229,0.5,0.8660254,1,0,0,1,0.0,1,5684.0,1,5190.0,0,0.0,0,0.0,0,0.0,0,0.0,0,0.0,2881.9949,2717.1023,-5684.0
166,2013-01-08,6952.0,862.0,1.0,1.0,0,0.0,2.0,0.23488605,0.9720229,0.5,0.8660254,1,0,0,1,8034.0,1,0.0,1,5309.0,0,0.0,0,0.0,0,0.0,0,0.0,0,0.0,4942.797,3898.635,8034.0
166,2013-01-09,5568.0,694.0,1.0,1.0,0,0.0,3.0,0.23488605,0.9720229,0.5,0.8660254,1,0,0,1,6952.0,1,8034.0,1,5684.0,1,0.0,0,0.0,0,0.0,0,0.0,0,0.0,5746.478,4577.1606,-1082.0
166,2013-01-10,5827.0,766.0,1.0,1.0,0,0.0,4.0,0.23488605,0.9720229,0.5,0.8660254,1,0,0,1,5568.0,1,6952.0,1,0.0,1,5882.0,0,0.0,0,0.0,0,0.0,0,0.0,5675.087,4797.347,-1384.0
166,2013-01-11,6421.0,836.0,1.0,1.0,0,0.0,5.0,0.23488605,0.9720229,0.5,0.8660254,1,0,0,1,5827.0,1,5568.0,1,8034.0,1,5190.0,0,0.0,0,0.0,0,0.0,0,0.0,5735.852,5026.1587,259.0
166,2013-01-12,6199.0,918.0,1.0,0.0,0,0.0,6.0,0.23488605,0.9720229,0.5,0.8660254,1,0,0,1,6421.0,1,5827.0,1,6952.0,1,5309.0,0,0.0,0,0.0,0,0.0,0,0.0,6009.911,5336.1235,594.0
166,2013-01-13,0.0,0.0,0.0,0.0,0,0.0,7.0,0.23488605,0.9720229,0.5,0.8660254,1,0,0,1,6199.0,1,6421.0,1,5568.0,1,5684.0,1,0.0,0,0.0,0,0.0,0,0.0,6085.547,5527.874,-222.0
166,2013-01-14,3764.0,557.0,1.0,0.0,0,0.0,1.0,0.34820163,0.93741965,0.5,0.8660254,1,0,0,1,0.0,1,6199.0,1,5827.0,1,0.0,1,5882.0,0,0.0,0,0.0,0,0.0,3651.3281,4299.4575,-6199.0
166,2013-01-15,4349.0,629.0,1.0,0.0,0,0.0,2.0,0.34820163,0.93741965,0.5,0.8660254,1,0,0,1,3764.0,1,0.0,1,6421.0,1,8034.0,1,5190.0,0,0.0,0,0.0,0,0.0,3696.3967,4180.467,3764.0
166,2013-01-16,4101.0,548.0,1.0,0.0,0,0.0,3.0,0.34820163,0.93741965,0.5,0.8660254,1,0,0,1,4349.0,1,3764.0,1,6199.0,1,6952.0,1,5309.0,0,0.0,0,0.0,0,0.0,3957.438,4217.919,585.0
166,2013-01-17,4140.0,607.0,1.0,0.0,0,0.0,4.0,0.34820163,0.93741965,0.5,0.8660254,1,0,0,1,4101.0,1,4349.0,1,0.0,1,5568.0,1,5684.0,1,0.0,0,0.0,0,0.0,4014.8628,4191.937,-248.0
166,2013-01-18,3863.0,583.0,1.0,0.0,0,0.0,5.0,0.34820163,0.93741965,0.5,0.8660254,1,0,0,1,4140.0,1,4101.0,1,3764.0,1,5827.0,1,0.0,1,5882.0,0,0.0,0,0.0,4064.9177,4180.3955,39.0
166,2013-01-19,5301.0,737.0,1.0,0.0,0,0.0,6.0,0.34820163,0.93741965,0.5,0.8660254,1,0,0,1,3863.0,1,4140.0,1,4349.0,1,6421.0,1,8034.0,1,5190.0,0,0.0,0,0.0,3984.1506,4109.863,-277.0
166,2013-01-20,0.0,0.0,0.0,0.0,0,0.0,7.0,0.34820163,0.93741965,0.5,0.8660254,1,0,0,1,5301.0,1,3863.0,1,4101.0,1,6199.0,1,6952.0,1,5309.0,0,0.0,0,0.0,4510.89,4374.56,1438.0
166,2013-01-21,4812.0,600.0,1.0,1.0,0,0.0,1.0,0.45662925,0.8896571,0.5,0.8660254,1,0,0,1,0.0,1,5301.0,1,4140.0,1,0.0,1,5568.0,1,5684.0,0,0.0,0,0.0,2706.5342,3402.4355,-5301.0
166,2013-01-22,5584.0,695.0,1.0,1.0,0,0.0,2.0,0.45662925,0.8896571,0.5,0.8660254,1,0,0,1,4812.0,1,0.0,1,3863.0,1,3764.0,1,5827.0,1,0.0,0,0.0,0,0.0,3548.7205,3715.672,4812.0
166,2013-01-23,5565.0,739.0,1.0,1.0,0,0.0,3.0,0.45662925,0.8896571,0.5,0.8660254,1,0,0,1,5584.0,1,4812.0,1,5301.0,1,4349.0,1,6421.0,1,8034.0,0,0.0,0,0.0,4362.8325,4130.856,772.0
166,2013-01-24,6006.0,759.0,1.0,1.0,0,0.0,4.0,0.45662925,0.8896571,0.5,0.8660254,1,0,0,1,5565.0,1,5584.0,1,0.0,1,4101.0,1,6199.0,1,6952.0,0,0.0,0,0.0,4843.699,4449.5547,-19.0
166,2013-01-25,5271.0,715.0,1.0,1.0,0,0.0,5.0,0.45662925,0.8896571,0.5,0.8660254,1,0,0,1,6006.0,1,5565.0,1,4812.0,1,4140.0,1,0.0,1,5568.0,1,0.0,0,0.0,5308.6196,4795.4316,441.0
166,2013-01-26,5347.0,810.0,1.0,0.0,0,0.0,6.0,0.45662925,0.8896571,0.5,0.8660254,1,0,0,1,5271.0,1,6006.0,1,5584.0,1,3863.0,1,3764.0,1,5827.0,1,5882.0,0,0.0,5293.572,4901.1133,-735.0
166,2013-01-27,0.0,0.0,0.0,0.0,0,0.0,7.0,0.45662925,0.8896571,0.5,0.8660254,1,0,0,1,5347.0,1,5271.0,1,5565.0,1,5301.0,1,4349.0,1,6421.0,1,5190.0,0,0.0,5314.943,5000.199,76.0
166,2013-01-28,4513.0,714.0,1.0,0.0,0,0.0,1.0,0.55864674,0.82940567,0.5,0.8660254,1,0,0,1,0.0,1,5347.0,1,6006.0,1,0.0,1,4101.0,1,6199.0,1,5309.0,0,0.0,3188.9658,3889.044,-5347.0
166,2013-01-29,4037.0,678.0,1.0,0.0,0,0.0,2.0,0.55864674,0.82940567,0.5,0.8660254,1,0,0,1,4513.0,1,0.0,1,5271.0,1,4812.0,1,4140.0,1,0.0,1,5684.0,0,0.0,3718.5796,4027.701,4513.0
166,2013-01-30,3973.0,590.0,1.0,0.0,0,0.0,3.0,0.55864674,0.82940567,0.5,0.8660254,1,0,0,1,4037.0,1,4513.0,1,5347.0,1,5584.0,1,3863.0,1,3764.0,1,0.0,0,0.0,3845.9478,4029.7673,-476.0
166,2013-01-31,4878.0,732.0,1.0,0.0,0,0.0,4.0,0.55864674,0.82940567,0.5,0.8660254,1,0,1,1,3973.0,1,4037.0,1,0.0,1,5565.0,1,5301.0,1,4349.0,1,8034.0,0,0.0,3896.7686,4017.1523,-64.0
166,2013-02-01,5816.0,868.0,1.0,0.0,0,0.0,5.0,0.55864674,0.82940567,0.8660254,0.5,1,1,0,1,4878.0,1,3973.0,1,4513.0,1,6006.0,1,0.0,1,4101.0,1,6952.0,0,0.0,4289.261,4208.4517,905.0
166,2013-02-02,7190.0,1022.0,1.0,0.0,0,0.0,6.0,0.55864674,0.82940567,0.8660254,0.5,1,0,0,1,5816.0,1,4878.0,1,4037.0,1,5271.0,1,4812.0,1,4140.0,1,5568.0,0,0.0,4899.9565,4565.6846,938.0
166,2013-02-03,0.0,0.0,0.0,0.0,0,0.0,7.0,0.55864674,0.82940567,0.8660254,0.5,1,0,0,1,7190.0,1,5816.0,1,3973.0,1,5347.0,1,5584.0,1,3863.0,1,5827.0,0,0.0,5815.974,5148.8657,1374.0
166,2013-02-04,8685.0,1050.0,1.0,1.0,0,0.0,1.0,0.65282214,0.75751126,0.8660254,0.5,1,0,0,1,0.0,1,7190.0,1,4878.0,1,0.0,1,5565.0,1,5301.0,1,6421.0,0,0.0,3489.5845,4004.6736,-7190.0
166,2013-02-05,7035.0,899.0,1.0,1.0,0,0.0,2.0,0.65282214,0.75751126,0.8660254,0.5,1,0,0,1,8685.0,1,0.0,1,5816.0,1,4513.0,1,6006.0,1,0.0,1,6199.0,0,0.0,5567.7505,5044.746,8685.0
166,2013-02-06,7100.0,893.0,1.0,1.0,0,0.0,3.0,0.65282214,0.75751126,0.8660254,0.5,1,0,0,1,7035.0,1,8685.0,1,7190.0,1,4037.0,1,5271.0,1,4812.0,1,0.0,0,0.0,6154.6504,5487.025,-1650.0
166,2013-02-07,6276.0,881.0,1.0,1.0,0,0.0,4.0,0.65282214,0.75751126,0.8660254,0.5,1,0,0,1,7100.0,1,7035.0,1,0.0,1,3973.0,1,5347.0,1,5584.0,1,3764.0,0,0.0,6532.79,5845.464,65.0
166,2013-02-08,6240.0,853.0,1.0,1.0,0,0.0,5.0,0.65282214,0.75751126,0.8660254,0.5,1,0,0,1,6276.0,1,7100.0,1,8685.0,1,4878.0,1,0.0,1,5565.0,1,4349.0,0,0.0,6430.074,5941.138,-824.0
166,2013-02-09,5958.0,853.0,1.0,0.0,0,0.0,6.0,0.65282214,0.75751126,0.8660254,0.5,1,0,0,1,6240.0,1,6276.0,1,7035.0,1,5816.0,1,4513.0,1,6006.0,1,4101.0,0,0.0,6354.0444,6007.5522,-36.0
166,2013-02-10,0.0,0.0,0.0,0.0,0,0.0,7.0,0.65282214,0.75751126,0.8660254,0.5,1,0,0,1,5958.0,1,6240.0,1,7100.0,1,7190.0,1,4037.0,1,5271.0,1,4140.0,0,0.0,6195.6265,5996.5405,-282.0
166,2013-02-11,4659.0,718.0,1.0,0.0,0,0.0,1.0,0.73783326,0.674983,0.8660254,0.5,1,0,0,1,0.0,1,5958.0,1,6276.0,1,0.0,1,3973.0,1,5347.0,1,3863.0,0,0.0,3717.376,4663.976,-5958.0
166,2013-02-12,4251.0,676.0,1.0,0.0,0,0.0,2.0,0.73783326,0.674983,0.8660254,0.5,1,0,0,1,4659.0,1,0.0,1,6240.0,1,8685.0,1,4878.0,1,0.0,1,5301.0,0,0.0,4094.0256,4662.87,4659.0
166,2013-02-13,4439.0,665.0,1.0,0.0,0,0.0,3.0,0.73783326,0.674983,0.8660254,0.5,1,0,0,1,4251.0,1,4659.0,1,5958.0,1,7035.0,1,5816.0,1,4513.0,1,0.0,0,0.0,4156.8154,4571.3433,-408.0
166,2013-02-14,4634.0,759.0,1.0,0.0,0,0.0,4.0,0.73783326,0.674983,0.8660254,0.5,1,0,0,1,4439.0,1,4251.0,1,0.0,1,7100.0,1,7190.0,1,4037.0,1,4812.0,0,0.0,4269.6895,4541.9336,188.0
166,2013-02-15,4470.0,668.0,1.0,0.0,0,0.0,5.0,0.73783326,0.674983,0.8660254,0.5,1,0,0,1,4634.0,1,4439.0,1,4659.0,1,6276.0,1,0.0,1,3973.0,1,5584.0,0,0.0,4415.4136,4562.393,195.0
166,2013-02-16,4993.0,795.0,1.0,0.0,0,0.0,6.0,0.73783326,0.674983,0.8660254,0.5,1,0,0,1,4470.0,1,4634.0,1,4251.0,1,6240.0,1,8685.0,1,4878.0,1,5565.0,0,0.0,4437.248,4541.8613,-164.0
166,2013-02-17,0.0,0.0,0.0,0.0,0,0.0,7.0,0.73783326,0.674983,0.8660254,0.5,1,0,0,1,4993.0,1,4470.0,1,4439.0,1,5958.0,1,7035.0,1,5816.0,1,6006.0,0,0.0,4659.549,4642.1143,523.0
166,2013-02-18,8675.0,962.0,1.0,1.0,0,0.0,1.0,0.8124869,0.5829795,0.8660254,0.5,1,0,0,1,0.0,1,4993.0,1,4634.0,1,0.0,1,7100.0,1,7190.0,1,5271.0,0,0.0,2795.7292,3610.5332,-4993.0
166,2013-02-19,5990.0,735.0,1.0,1.0,0,0.0,2.0,0.8124869,0.5829795,0.8660254,0.5,1,0,0,1,8675.0,1,0.0,1,4470.0,1,4659.0,1,6276.0,1,0.0,1,5347.0,0,0.0,5147.4375,4735.97,8675.0
166,2013-02-20,6379.0,818.0,1.0,1.0,0,0.0,3.0,0.8124869,0.5829795,0.8660254,0.5,1,0,0,1,5990.0,1,8675.0,1,4993.0,1,4251.0,1,6240.0,1,8685.0,1,0.0,0,0.0,5484.4624,5014.6436,-2685.0
166,2013-02-21,5739.0,733.0,1.0,1.0,0,0.0,4.0,0.8124869,0.5829795,0.8660254,0.5,1,0,0,1,6379.0,1,5990.0,1,0.0,1,4439.0,1,5958.0,1,7035.0,1,4513.0,0,0.0,5842.2773,5317.834,389.0
166,2013-02-22,5247.0,721.0,1.0,1.0,0,0.0,5.0,0.8124869,0.5829795,0.8660254,0.5,1,0,0,1,5739.0,1,6379.0,1,8675.0,1,4634.0,1,0.0,1,7100.0,1,4037.0,1,0.0,5800.9663,5411.4263,-640.0
166,2013-02-23,5078.0,697.0,1.0,0.0,0,0.0,6.0,0.8124869,0.5829795,0.8660254,0.5,1,0,0,1,5247.0,1,5739.0,1,5990.0,1,4470.0,1,4659.0,1,6276.0,1,3973.0,1,5882.0,5579.38,5374.887,-492.0
166,2013-02-24,0.0,0.0,0.0,0.0,0,0.0,7.0,0.8124869,0.5829795,0.8660254,0.5,1,0,0,1,5078.0,1,5247.0,1,6379.0,1,4993.0,1,4251.0,1,6240.0,1,4878.0,1,5190.0,5378.828,5308.912,-169.0
166,2013-02-25,3604.0,584.0,1.0,0.0,0,0.0,1.0,0.8757349,0.4827922,0.8660254,0.5,1,0,0,1,0.0,1,5078.0,1,5739.0,1,0.0,1,4439.0,1,5958.0,1,5816.0,1,5309.0,3227.2969,4129.154,-5078.0
166,2013-02-26,3888.0,625.0,1.0,0.0,0,0.0,2.0,0.8757349,0.4827922,0.8660254,0.5,1,0,0,1,3604.0,1,0.0,1,5247.0,1,8675.0,1,4634.0,1,0.0,1,7190.0,1,5684.0,3377.978,4012.4531,3604.0
166,2013-02-27,4071.0,619.0,1.0,0.0,0,0.0,3.0,0.8757349,0.4827922,0.8660254,0.5,1,0,0,1,3888.0,1,3604.0,1,5078.0,1,5990.0,1,4470.0,1,4659.0,1,0.0,1,0.0,3581.9868,3984.7969,284.0
166,2013-02-28,6316.0,843.0,1.0,0.0,0,0.0,4.0,0.8757349,0.4827922,0.8660254,0.5,1,0,1,1,4071.0,1,3888.0,1,0.0,1,6379.0,1,4993.0,1,4251.0,1,8685.0,1,8034.0,3777.592,4003.9531,183.0
166,2013-03-01,5927.0,811.0,1.0,0.0,0,0.0,5.0,0.8757349,0.4827922,1.0,6.123234e-17,1,1,0,1,6316.0,1,4071.0,1,3604.0,1,5739.0,1,0.0,1,4439.0,1,7035.0,1,6952.0,4792.955,4517.741,2245.0
166,2013-03-02,7118.0,1033.0,1.0,0.0,0,0.0,6.0,0.8757349,0.4827922,1.0,6.123234e-17,1,0,0,1,5927.0,1,6316.0,1,3888.0,1,5247.0,1,8675.0,1,4634.0,1,7100.0,1,5568.0,5246.573,4830.9097,-389.0
166,2013-03-03,0.0,0.0,0.0,0.0,0,0.0,7.0,0.8757349,0.4827922,1.0,6.123234e-17,1,0,0,1,7118.0,1,5927.0,1,4071.0,1,5078.0,1,5990.0,1,4470.0,1,6276.0,1,5827.0,5995.144,5339.1523,1191.0
166,2013-03-04,8302.0,1082.0,1.0,1.0,0,0.0,1.0,0.9266896,0.37582758,1.0,6.123234e-17,1,0,0,1,0.0,1,7118.0,1,6316.0,1,0.0,1,6379.0,1,4993.0,1,6240.0,1,6421.0,3597.0864,4152.674,-7118.0
166,2013-03-05,7473.0,950.0,1.0,1.0,0,0.0,2.0,0.9266896,0.37582758,1.0,6.123234e-17,1,0,0,1,8302.0,1,0.0,1,5927.0,1,3604.0,1,5739.0,1,0.0,1,5958.0,1,6199.0,5479.052,5074.7466,8302.0
166,2013-03-06,6963.0,884.0,1.0,1.0,0,0.0,3.0,0.9266896,0.37582758,1.0,6.123234e-17,1,0,0,1,7473.0,1,8302.0,1,7118.0,1,3888.0,1,5247.0,1,8675.0,1,0.0,1,0.0,6276.631,5607.6914,-829.0
166,2013-03-07,5978.0,840.0,1.0,1.0,0,0.0,4.0,0.9266896,0.37582758,1.0,6.123234e-17,1,0,0,1,6963.0,1,7473.0,1,0.0,1,4071.0,1,5078.0,1,5990.0,1,4659.0,1,3764.0,6551.1787,5908.871,-510.0
166,2013-03-08,6223.0,792.0,1.0,1.0,0,0.0,5.0,0.9266896,0.37582758,1.0,6.123234e-17,1,0,0,1,5978.0,1,6963.0,1,8302.0,1,6316.0,1,0.0,1,6379.0,1,4251.0,1,4349.0,6321.907,5924.2334,-985.0
166,2013-03-09,4851.0,732.0,1.0,0.0,0,0.0,6.0,0.9266896,0.37582758,1.0,6.123234e-17,1,0,0,1,6223.0,1,5978.0,1,7473.0,1,5927.0,1,3604.0,1,5739.0,1,4439.0,1,4101.0,6282.344,5990.626,245.0
166,2013-03-10,0.0,0.0,0.0,0.0,0,0.0,7.0,0.9266896,0.37582758,1.0,6.123234e-17,1,0,0,1,4851.0,1,6223.0,1,6963.0,1,7118.0,1,3888.0,1,5247.0,1,4634.0,1,4140.0,5709.8066,5737.3755,-1372.0
166,2013-03-11,4282.0,640.0,1.0,0.0,0,0.0,1.0,0.9646356,0.26358718,1.0,6.123234e-17,1,0,0,1,0.0,1,4851.0,1,5978.0,1,0.0,1,4071.0,1,5078.0,1,4470.0,1,3863.0,3425.884,4462.4033,-4851.0
166,2013-03-12,4026.0,619.0,1.0,0.0,0,0.0,2.0,0.9646356,0.26358718,1.0,6.123234e-17,1,0,0,1,4282.0,1,0.0,1,6223.0,1,8302.0,1,6316.0,1,0.0,1,4993.0,1,5301.0,3768.3303,4422.3135,4282.0
166,2013-03-13,5013.0,710.0,1.0,0.0,0,0.0,3.0,0.9646356,0.26358718,1.0,6.123234e-17,1,0,0,1,4026.0,1,4282.0,1,4851.0,1,7473.0,1,5927.0,1,3604.0,1,0.0,1,0.0,3871.3982,4334.244,-256.0
166,2013-03-14,4206.0,652.0,1.0,0.0,0,0.0,4.0,0.9646356,0.26358718,1.0,6.123234e-17,1,0,0,1,5013.0,1,4026.0,1,0.0,1,6963.0,1,7118.0,1,3888.0,1,8675.0,1,4812.0,4328.039,4485.0786,987.0
166,2013-03-15,4726.0,747.0,1.0,0.0,0,0.0,5.0,0.9646356,0.26358718,1.0,6.123234e-17,1,0,0,1,4206.0,1,5013.0,1,4282.0,1,5978.0,1,0.0,1,4071.0,1,5990.0,1,5584.0,4279.223,4423.061,-807.0
166,2013-03-16,5667.0,879.0,1.0,0.0,0,0.0,6.0,0.9646356,0.26358718,1.0,6.123234e-17,1,0,0,1,4726.0,1,4206.0,1,4026.0,1,6223.0,1,8302.0,1,6316.0,1,6379.0,1,5565.0,4457.934,4490.381,520.0
166,2013-03-17,0.0,0.0,0.0,0.0,0,0.0,7.0,0.9646356,0.26358718,1.0,6.123234e-17,1,0,0,1,5667.0,1,4726.0,1,5013.0,1,4851.0,1,7473.0,1,5927.0,1,5739.0,1,6006.0,4941.5605,4751.852,941.0
166,2013-03-18,8005.0,989.0,1.0,1.0,0,0.0,1.0,0.9890402,0.14764656,1.0,6.123234e-17,1,0,0,1,0.0,1,5667.0,1,4206.0,1,0.0,1,6963.0,1,7118.0,1,5247.0,1,5271.0,2964.9363,3695.8848,-5667.0
166,2013-03-19,6741.0,866.0,1.0,1.0,0,0.0,2.0,0.9890402,0.14764656,1.0,6.123234e-17,1,0,0,1,8005.0,1,0.0,1,4726.0,1,4282.0,1,5978.0,1,0.0,1,5078.0,1,5347.0,4980.962,4653.466,8005.0
166,2013-03-20,6238.0,797.0,1.0,1.0,0,0.0,3.0,0.9890402,0.14764656,1.0,6.123234e-17,1,0,0,1,6741.0,1,8005.0,1,5667.0,1,4026.0,1,6223.0,1,8302.0,1,0.0,1,0.0,5684.977,5117.3623,-1264.0
166,2013-03-21,6012.0,813.0,1.0,1.0,0,0.0,4.0,0.9890402,0.14764656,1.0,6.123234e-17,1,0,0,1,6238.0,1,6741.0,1,0.0,1,5013.0,1,4851.0,1,7473.0,1,3604.0,1,4513.0,5906.186,5366.393,-503.0
166,2013-03-22,5971.0,784.0,1.0,1.0,0,0.0,5.0,0.9890402,0.14764656,1.0,6.123234e-17,1,0,0,1,6012.0,1,6238.0,1,8005.0,1,4206.0,1,0.0,1,6963.0,1,3888.0,1,4037.0,5948.5117,5509.8613,-226.0
166,2013-03-23,5476.0,774.0,1.0,0.0,0,0.0,6.0,0.9890402,0.14764656,1.0,6.123234e-17,1,0,0,1,5971.0,1,6012.0,1,6741.0,1,4726.0,1,4282.0,1,5978.0,1,4071.0,1,3973.0,5957.507,5612.3364,-41.0
166,2013-03-24,0.0,0.0,0.0,0.0,0,0.0,7.0,0.9890402,0.14764656,1.0,6.123234e-17,1,0,0,1,5476.0,1,5971.0,1,6238.0,1,5667.0,1,4026.0,1,6223.0,1,6316.0,1,4878.0,5764.9043,5582.0396,-495.0
166,2013-03-25,8478.0,1017.0,1.0,1.0,0,1.0,1.0,0.99956083,0.029633328,1.0,6.123234e-17,1,0,0,1,0.0,1,5476.0,1,6012.0,1,0.0,1,5013.0,1,4851.0,1,5927.0,1,5816.0,3458.9426,4341.5864,-5476.0
166,2013-03-26,8573.0,1061.0,1.0,1.0,0,1.0,2.0,0.99956083,0.029633328,1.0,6.123234e-17,1,0,0,1,8478.0,1,0.0,1,5971.0,1,8005.0,1,4206.0,1,0.0,1,7118.0,1,7190.0,5466.5654,5260.7896,8478.0
166,2013-03-27,8074.0,1037.0,1.0,1.0,0,1.0,3.0,0.99956083,0.029633328,1.0,6.123234e-17,1,0,0,1,8573.0,1,8478.0,1,5476.0,1,6741.0,1,4726.0,1,4282.0,1,0.0,1,0.0,6709.139,5996.836,95.0
166,2013-03-28,8772.0,1118.0,1.0,1.0,0,1.0,4.0,0.99956083,0.029633328,1.0,6.123234e-17,1,0,0,1,8074.0,1,8573.0,1,0.0,1,6238.0,1,5667.0,1,4026.0,1,8302.0,1,8685.0,7255.0835,6458.428,-499.0
166,2013-03-29,0.0,0.0,0.0,1.0,2,1.0,5.0,0.99956083,0.029633328,1.0,6.123234e-17,1,0,0,1,8772.0,1,8074.0,1,8478.0,1,6012.0,1,0.0,1,5013.0,1,7473.0,1,7035.0,7861.85,6972.555,698.0
166,2013-03-30,8062.0,1128.0,1.0,0.0,0,0.0,6.0,0.99956083,0.029633328,1.0,6.123234e-17,1,0,0,1,0.0,1,8772.0,1,8573.0,1,5971.0,1,8005.0,1,4206.0,1,6963.0,1,7100.0,4717.11,5423.0986,-8772.0
166,2013-03-31,0.0,0.0,0.0,0.0,0,0.0,7.0,0.99956083,0.029633328,1.0,6.123234e-17,1,0,1,1,8062.0,1,0.0,1,8074.0,1,5476.0,1,6741.0,1,4726.0,1,5978.0,1,6276.0,6055.066,6009.521,8062.0
166,2013-04-01,0.0,0.0,0.0,0.0,2,1.0,1.0,0.9960498,-0.08879589,0.8660254,-0.5,2,1,0,1,0.0,1,8062.0,1,8772.0,1,0.0,1,6238.0,1,5667.0,1,6223.0,1,6240.0,3633.0396,4674.072,-8062.0
166,2013-04-02,6362.0,970.0,1.0,0.0,0,1.0,2.0,0.9960498,-0.08879589,0.8660254,-0.5,2,0,0,1,0.0,1,0.0,1,0.0,1,8478.0,1,6012.0,1,0.0,1,4851.0,1,5958.0,2179.8237,3635.3892,0.0
166,2013-04-03,4675.0,723.0,1.0,0.0,0,1.0,3.0,0.9960498,-0.08879589,0.8660254,-0.5,2,0,0,1,6362.0,1,0.0,1,8062.0,1,8573.0,1,5971.0,1,8005.0,1,0.0,1,0.0,3852.6943,4241.3027,6362.0
166,2013-04-04,4787.0,725.0,1.0,0.0,0,1.0,4.0,0.9960498,-0.08879589,0.8660254,-0.5,2,0,0,1,4675.0,1,6362.0,1,0.0,1,8074.0,1,5476.0,1,6741.0,1,4282.0,1,4659.0,4181.6167,4337.6797,-1687.0
166,2013-04-05,4610.0,699.0,1.0,0.0,0,1.0,5.0,0.9960498,-0.08879589,0.8660254,-0.5,2,0,0,1,4787.0,1,4675.0,1,0.0,1,8772.0,1,0.0,1,6238.0,1,4026.0,1,4251.0,4423.77,4437.529,112.0
166,2013-04-06,5076.0,818.0,1.0,0.0,0,0.0,6.0,0.9960498,-0.08879589,0.8660254,-0.5,2,0,0,1,4610.0,1,4787.0,1,6362.0,1,0.0,1,8478.0,1,6012.0,1,5013.0,1,4439.0,4498.2617,4475.856,-177.0
166,2013-04-07,0.0,0.0,0.0,0.0,0,0.0,7.0,0.9960498,-0.08879589,0.8660254,-0.5,2,0,0,1,5076.0,1,4610.0,1,4675.0,1,8062.0,1,8573.0,1,5971.0,1,4206.0,1,4634.0,4729.357,4609.221,466.0
166,2013-04-08,7170.0,915.0,1.0,1.0,0,0.0,1.0,0.9785565,-0.20597862,0.8660254,-0.5,2,0,0,1,0.0,1,5076.0,1,4787.0,1,0.0,1,8074.0,1,5476.0,1,4726.0,1,4470.0,2837.6143,3584.9497,-5076.0
166,2013-04-09,5982.0,776.0,1.0,1.0,0,0.0,2.0,0.9785565,-0.20597862,0.8660254,-0.5,2,0,0,1,7170.0,1,0.0,1,4610.0,1,0.0,1,8772.0,1,0.0,1,5667.0,1,4993.0,4570.5684,4381.6274,7170.0
166,2013-04-10,5396.0,710.0,1.0,1.0,0,0.0,3.0,0.9785565,-0.20597862,0.8660254,-0.5,2,0,0,1,5982.0,1,7170.0,1,5076.0,1,6362.0,1,0.0,1,8478.0,1,0.0,1,0.0,5135.141,4737.266,-1188.0
166,2013-04-11,5005.0,684.0,1.0,1.0,0,0.0,4.0,0.9785565,-0.20597862,0.8660254,-0.5,2,0,0,1,5396.0,1,5982.0,1,0.0,1,4675.0,1,8062.0,1,8573.0,1,8005.0,1,8675.0,5239.485,4883.6514,-586.0
166,2013-04-12,4900.0,785.0,1.0,1.0,0,0.0,5.0,0.9785565,-0.20597862,0.8660254,-0.5,2,0,0,1,5005.0,1,5396.0,1,7170.0,1,4787.0,1,0.0,1,8074.0,1,6741.0,1,5990.0,5145.691,4910.6177,-391.0
166,2013-04-13,5376.0,797.0,1.0,0.0,0,0.0,6.0,0.9785565,-0.20597862,0.8660254,-0.5,2,0,0,1,4900.0,1,5005.0,1,5982.0,1,4610.0,1,0.0,1,8772.0,1,6238.0,1,6379.0,5047.4146,4908.2583,-105.0
166,2013-04-14,0.0,0.0,0.0,0.0,0,0.0,7.0,0.9785565,-0.20597862,0.8660254,-0.5,2,0,0,1,5376.0,1,4900.0,1,5396.0,1,5076.0,1,6362.0,1,0.0,1,6012.0,1,5739.0,5178.8486,5012.2007,476.0
166,2013-04-15,3920.0,668.0,1.0,0.0,0,0.0,1.0,0.94732636,-0.32026985,0.8660254,-0.5,2,0,0,1,0.0,1,5376.0,1,5005.0,1,0.0,1,4675.0,1,8062.0,1,5971.0,1,5247.0,3107.3093,3898.3784,-5376.0
166,2013-04-16,3880.0,684.0,1.0,0.0,0,0.0,2.0,0.94732636,-0.32026985,0.8660254,-0.5,2,0,0,1,3920.0,1,0.0,1,4900.0,1,7170.0,1,4787.0,1,0.0,1,5476.0,1,5078.0,3432.3855,3903.183,3920.0
166,2013-04-17,4041.0,641.0,1.0,0.0,0,0.0,3.0,0.94732636,-0.32026985,0.8660254,-0.5,2,0,0,1,3880.0,1,3920.0,1,5376.0,1,5982.0,1,4610.0,1,0.0,1,0.0,1,0.0,3611.4314,3898.0315,-40.0
166,2013-04-18,4089.0,662.0,1.0,0.0,0,0.0,4.0,0.94732636,-0.32026985,0.8660254,-0.5,2,0,0,1,4041.0,1,3880.0,1,0.0,1,5396.0,1,5076.0,1,6362.0,1,8478.0,1,3604.0,3783.2588,3929.8022,161.0
166,2013-04-19,4181.0,655.0,1.0,0.0,0,0.0,5.0,0.94732636,-0.32026985,0.8660254,-0.5,2,0,0,1,4089.0,1,4041.0,1,3920.0,1,5005.0,1,0.0,1,4675.0,1,8573.0,1,3888.0,3905.5552,3965.1794,48.0
166,2013-04-20,5291.0,784.0,1.0,0.0,0,0.0,6.0,0.94732636,-0.32026985,0.8660254,-0.5,2,0,0,1,4181.0,1,4089.0,1,3880.0,1,4900.0,1,7170.0,1,4787.0,1,8074.0,1,4071.0,4015.7332,4013.1396,92.0
166,2013-04-21,0.0,0.0,0.0,0.0,0,0.0,7.0,0.94732636,-0.32026985,0.8660254,-0.5,2,0,0,1,5291.0,1,4181.0,1,4041.0,1,5376.0,1,5982.0,1,4610.0,1,8772.0,1,6316.0,4525.84,4297.1084,1110.0
166,2013-04-22,6400.0,892.0,1.0,1.0,0,0.0,1.0,0.9027978,-0.4300652,0.8660254,-0.5,2,0,0,1,0.0,1,5291.0,1,4089.0,1,0.0,1,5396.0,1,5076.0,1,0.0,1,5927.0,2715.504,3342.1956,-5291.0
166,2013-04-23,5540.0,759.0,1.0,1.0,0,0.0,2.0,0.9027978,-0.4300652,0.8660254,-0.5,2,0,0,1,6400.0,1,0.0,1,4181.0,1,3920.0,1,5005.0,1,0.0,1,8062.0,1,7118.0,4189.3022,4021.7078,6400.0
166,2013-04-24,4889.0,710.0,1.0,1.0,0,0.0,3.0,0.9027978,-0.4300652,0.8660254,-0.5,2,0,0,1,5540.0,1,6400.0,1,5291.0,1,3880.0,1,4900.0,1,7170.0,1,0.0,1,0.0,4729.5815,4359.106,-860.0
166,2013-04-25,4811.0,726.0,1.0,1.0,0,0.0,4.0,0.9027978,-0.4300652,0.8660254,-0.5,2,0,0,1,4889.0,1,5540.0,1,0.0,1,4041.0,1,5376.0,1,5982.0,1,0.0,1,8302.0,4793.3486,4476.8604,-651.0
166,2013-04-26,5048.0,691.0,1.0,1.0,0,0.0,5.0,0.9027978,-0.4300652,0.8660254,-0.5,2,0,0,1,4811.0,1,4889.0,1,6400.0,1,4089.0,1,0.0,1,5396.0,1,6362.0,1,7473.0,4800.409,4551.1133,-78.0
166,2013-04-27,4726.0,688.0,1.0,0.0,0,0.0,6.0,0.9027978,-0.4300652,0.8660254,-0.5,2,0,0,1,5048.0,1,4811.0,1,5540.0,1,4181.0,1,3920.0,1,5005.0,1,4675.0,1,6963.0,4899.446,4661.5327,237.0
166,2013-04-28,0.0,0.0,0.0,0.0,0,0.0,7.0,0.9027978,-0.4300652,0.8660254,-0.5,2,0,0,1,4726.0,1,5048.0,1,4889.0,1,5291.0,1,3880.0,1,4900.0,1,4787.0,1,5978.0,4830.0674,4675.859,-322.0
166,2013-04-29,7632.0,914.0,1.0,1.0,0,0.0,1.0,0.845596,-0.5338234,0.8660254,-0.5,2,0,0,1,0.0,1,4726.0,1,4811.0,1,0.0,1,4041.0,1,5376.0,1,4610.0,1,6223.0,2898.0405,3636.779,-4726.0
166,2013-04-30,8479.0,999.0,1.0,1.0,0,0.0,2.0,0.845596,-0.5338234,0.8660254,-0.5,2,0,1,1,7632.0,1,0.0,1,5048.0,1,6400.0,1,4089.0,1,0.0,1,5076.0,1,4851.0,4791.624,4524.606,7632.0
166,2013-05-01,0.0,0.0,0.0,1.0,1,0.0,3.0,0.845596,-0.5338234,0.5,-0.8660254,2,1,0,1,8479.0,1,7632.0,1,4726.0,1,5540.0,1,4181.0,1,3920.0,1,0.0,1,0.0,6266.5747,5403.3604,847.0
166,2013-05-02,7745.0,1015.0,1.0,1.0,0,0.0,4.0,0.845596,-0.5338234,0.5,-0.8660254,2,0,0,1,0.0,1,8479.0,1,0.0,1,4889.0,1,5291.0,1,3880.0,1,7170.0,1,4282.0,3759.9448,4202.6133,-8479.0
166,2013-05-03,5794.0,875.0,1.0,1.0,0,0.0,5.0,0.845596,-0.5338234,0.5,-0.8660254,2,0,0,1,7745.0,1,0.0,1,7632.0,1,4811.0,1,0.0,1,4041.0,1,5982.0,1,4026.0,5353.967,4989.8105,7745.0
166,2013-05-04,5839.0,915.0,1.0,0.0,0,0.0,6.0,0.845596,-0.5338234,0.5,-0.8660254,2,0,0,1,5794.0,1,7745.0,1,8479.0,1,5048.0,1,6400.0,1,4089.0,1,5396.0,1,5013.0,5529.98,5168.519,-1951.0
166,2013-05-05,0.0,0.0,0.0,0.0,0,0.0,7.0,0.845596,-0.5338234,0.5,-0.8660254,2,0,0,1,5839.0,1,5794.0,1,0.0,1,4726.0,1,5540.0,1,4181.0,1,5005.0,1,4206.0,5653.588,5317.515,45.0
166,2013-05-06,5187.0,764.0,1.0,0.0,0,0.0,1.0,0.7765239,-0.63008785,0.5,-0.8660254,2,0,0,1,0.0,1,5839.0,1,7745.0,1,0.0,1,4889.0,1,5291.0,1,4900.0,1,4726.0,3392.1528,4135.845,-5839.0
166,2013-05-07,4902.0,727.0,1.0,0.0,0,0.0,2.0,0.7765239,-0.63008785,0.5,-0.8660254,2,0,0,1,5187.0,1,0.0,1,5794.0,1,7632.0,1,4811.0,1,0.0,1,5376.0,1,5667.0,4110.092,4369.435,5187.0
166,2013-05-08,5519.0,799.0,1.0,0.0,0,0.0,3.0,0.7765239,-0.63008785,0.5,-0.8660254,2,0,0,1,4902.0,1,5187.0,1,5839.0,1,8479.0,1,5048.0,1,6400.0,1,0.0,1,0.0,4426.855,4487.7827,-285.0
166,2013-05-09,0.0,0.0,0.0,0.0,1,0.0,4.0,0.7765239,-0.63008785,0.5,-0.8660254,2,0,0,1,5519.0,1,4902.0,1,0.0,1,0.0,1,4726.0,1,5540.0,1,3920.0,1,8005.0,4863.713,4716.9424,617.0
166,2013-05-10,7019.0,1038.0,1.0,0.0,0,0.0,5.0,0.7765239,-0.63008785,0.5,-0.8660254,2,0,0,1,0.0,1,5519.0,1,5187.0,1,7745.0,1,0.0,1,4889.0,1,3880.0,1,6741.0,2918.2278,3668.7327,-5519.0
166,2013-05-11,6193.0,887.0,1.0,0.0,0,0.0,6.0,0.7765239,-0.63008785,0.5,-0.8660254,2,0,0,1,7019.0,1,0.0,1,4902.0,1,5794.0,1,7632.0,1,4811.0,1,4041.0,1,6238.0,4558.5366,4413.237,7019.0
166,2013-05-12,0.0,0.0,0.0,0.0,0,0.0,7.0,0.7765239,-0.63008785,0.5,-0.8660254,2,0,0,1,6193.0,1,7019.0,1,5519.0,1,5839.0,1,8479.0,1,5048.0,1,4089.0,1,6012.0,5212.322,4808.7397,-826.0
166,2013-05-13,6828.0,877.0,1.0,1.0,0,0.0,1.0,0.696551,-0.71750724,0.5,-0.8660254,2,0,0,1,0.0,1,6193.0,1,0.0,1,0.0,1,0.0,1,4726.0,1,4181.0,1,5971.0,3127.3933,3740.1309,-6193.0
166,2013-05-14,6582.0,852.0,1.0,1.0,0,0.0,2.0,0.696551,-0.71750724,0.5,-0.8660254,2,0,0,1,6828.0,1,0.0,1,7019.0,1,5187.0,1,7745.0,1,0.0,1,5291.0,1,5476.0,4607.6357,4426.3237,6828.0
166,2013-05-15,6237.0,845.0,1.0,1.0,0,0.0,3.0,0.696551,-0.71750724,0.5,-0.8660254,2,0,0,1,6582.0,1,6828.0,1,6193.0,1,4902.0,1,5794.0,1,7632.0,1,0.0,1,0.0,5397.3813,4905.3633,-246.0
166,2013-05-16,6174.0,823.0,1.0,1.0,0,0.0,4.0,0.696551,-0.71750724,0.5,-0.8660254,2,0,0,1,6237.0,1,6582.0,1,0.0,1,5519.0,1,5839.0,1,8479.0,1,6400.0,1,8478.0,5733.229,5201.282,-345.0
166,2013-05-17,5962.0,826.0,1.0,1.0,0,0.0,5.0,0.696551,-0.71750724,0.5,-0.8660254,2,0,0,1,6174.0,1,6237.0,1,6828.0,1,0.0,1,0.0,1,0.0,1,5540.0,1,8573.0,5909.5376,5417.442,-63.0
166,2013-05-18,4946.0,732.0,1.0,0.0,0,0.0,6.0,0.696551,-0.71750724,0.5,-0.8660254,2,0,0,1,5962.0,1,6174.0,1,6582.0,1,7019.0,1,5187.0,1,7745.0,1,4889.0,1,8074.0,5930.5225,5538.4546,-212.0
166,2013-05-19,0.0,0.0,0.0,0.0,0,0.0,7.0,0.696551,-0.71750724,0.5,-0.8660254,2,0,0,1,4946.0,1,5962.0,1,6237.0,1,6193.0,1,4902.0,1,5794.0,1,4811.0,1,8772.0,5536.7134,5406.7983,-1016.0
166,2013-05-20,0.0,0.0,0.0,0.0,1,0.0,1.0,0.60680014,-0.79485446,0.5,-0.8660254,2,0,0,1,0.0,1,4946.0,1,6174.0,1,0.0,1,5519.0,1,5839.0,1,5048.0,1,0.0,3322.028,4205.2876,-4946.0
166,2013-05-21,5276.0,802.0,1.0,0.0,0,1.0,2.0,0.60680014,-0.79485446,0.5,-0.8660254,2,0,0,1,0.0,1,0.0,1,5962.0,1,6828.0,1,0.0,1,0.0,1,4726.0,1,8062.0,1993.2168,3270.779,0.0
166,2013-05-22,3612.0,601.0,1.0,0.0,0,0.0,3.0,0.60680014,-0.79485446,0.5,-0.8660254,2,0,0,1,5276.0,1,0.0,1,4946.0,1,6582.0,1,7019.0,1,5187.0,1,0.0,1,0.0,3306.33,3716.3838,5276.0
166,2013-05-23,3794.0,544.0,1.0,0.0,0,0.0,4.0,0.60680014,-0.79485446,0.5,-0.8660254,2,0,0,1,3612.0,1,5276.0,1,0.0,1,6237.0,1,6193.0,1,4902.0,1,7632.0,1,0.0,3428.5981,3693.1873,-1664.0
166,2013-05-24,4326.0,683.0,1.0,0.0,0,0.0,5.0,0.60680014,-0.79485446,0.5,-0.8660254,2,0,0,1,3794.0,1,3612.0,1,0.0,1,6174.0,1,0.0,1,5519.0,1,8479.0,1,6362.0,3574.7588,3715.59,182.0
166,2013-05-25,4331.0,678.0,1.0,0.0,0,0.0,6.0,0.60680014,-0.79485446,0.5,-0.8660254,2,0,0,1,4326.0,1,3794.0,1,5276.0,1,5962.0,1,6828.0,1,0.0,1,0.0,1,4675.0,3875.2554,3851.2368,532.0
166,2013-05-26,0.0,0.0,0.0,0.0,0,0.0,7.0,0.60680014,-0.79485446,0.5,-0.8660254,2,0,0,1,4331.0,1,4326.0,1,3612.0,1,4946.0,1,6582.0,1,7019.0,1,7745.0,1,4787.0,4057.5532,3957.8508,5.0
166,2013-05-27,6362.0,774.0,1.0,1.0,0,0.0,1.0,0.5085311,-0.86104363,0.5,-0.8660254,2,0,0,1,0.0,1,4331.0,1,3794.0,1,0.0,1,6237.0,1,6193.0,1,5794.0,1,4610.0,2434.532,3078.3284,-4331.0
166,2013-05-28,6174.0,834.0,1.0,1.0,0,0.0,2.0,0.5085311,-0.86104363,0.5,-0.8660254,2,0,0,1,6362.0,1,0.0,1,4326.0,1,0.0,1,6174.0,1,0.0,1,5839.0,1,5076.0,4005.519,3808.0332,6362.0
166,2013-05-29,6642.0,838.0,1.0,1.0,0,0.0,3.0,0.5085311,-0.86104363,0.5,-0.8660254,2,0,0,1,6174.0,1,6362.0,1,4331.0,1,5276.0,1,5962.0,1,6828.0,1,0.0,1,0.0,4872.9116,4333.8037,-188.0
166,2013-05-30,0.0,0.0,0.0,1.0,1,0.0,4.0,0.5085311,-0.86104363,0.5,-0.8660254,2,0,0,1,6642.0,1,6174.0,1,0.0,1,3612.0,1,4946.0,1,6582.0,1,5187.0,1,7170.0,5580.547,4846.7363,468.0
166,2013-05-31,9553.0,1235.0,1.0,1.0,0,0.0,5.0,0.5085311,-0.86104363,0.5,-0.8660254,2,0,1,1,0.0,1,6642.0,1,6362.0,1,3794.0,1,0.0,1,6237.0,1,4902.0,1,5982.0,3348.3281,3769.6836,-6642.0
166,2013-06-01,6418.0,933.0,1.0,0.0,0,0.0,6.0,0.5085311,-0.86104363,1.2246469e-16,-1.0,2,1,0,1,9553.0,1,0.0,1,6174.0,1,4326.0,1,0.0,1,6174.0,1,5519.0,1,5396.0,5830.197,5054.865,9553.0
166,2013-06-02,0.0,0.0,0.0,0.0,0,0.0,7.0,0.5085311,-0.86104363,1.2246469e-16,-1.0,2,0,0,1,6418.0,1,9553.0,1,6642.0,1,4331.0,1,5276.0,1,5962.0,1,0.0,1,5005.0,6065.3184,5357.784,-3135.0
166,2013-06-03,8210.0,1032.0,1.0,1.0,0,0.0,1.0,0.40312344,-0.91514564,1.2246469e-16,-1.0,2,0,0,1,0.0,1,6418.0,1,0.0,1,0.0,1,3612.0,1,4946.0,1,7019.0,1,4900.0,3639.191,4167.1655,-6418.0
166,2013-06-04,7090.0,917.0,1.0,1.0,0,0.0,2.0,0.40312344,-0.91514564,1.2246469e-16,-1.0,2,0,0,1,8210.0,1,0.0,1,9553.0,1,6362.0,1,3794.0,1,0.0,1,6193.0,1,5376.0,5467.5146,5065.573,8210.0
166,2013-06-05,6651.0,863.0,1.0,1.0,0,0.0,3.0,0.40312344,-0.91514564,1.2246469e-16,-1.0,2,0,0,1,7090.0,1,8210.0,1,6418.0,1,6174.0,1,4326.0,1,0.0,1,0.0,1,0.0,6116.509,5515.446,-1120.0
166,2013-06-06,6470.0,957.0,1.0,1.0,0,0.0,4.0,0.40312344,-0.91514564,1.2246469e-16,-1.0,2,0,0,1,6651.0,1,7090.0,1,0.0,1,6642.0,1,4331.0,1,5276.0,1,6828.0,1,3920.0,6330.305,5767.791,-439.0
166,2013-06-07,5545.0,805.0,1.0,1.0,0,0.0,5.0,0.40312344,-0.91514564,1.2246469e-16,-1.0,2,0,0,1,6470.0,1,6651.0,1,8210.0,1,0.0,1,0.0,1,3612.0,1,6582.0,1,3880.0,6386.183,5923.8374,-181.0
166,2013-06-08,5336.0,805.0,1.0,0.0,0,0.0,6.0,0.40312344,-0.91514564,1.2246469e-16,-1.0,2,0,0,1,5545.0,1,6470.0,1,7090.0,1,9553.0,1,6362.0,1,3794.0,1,6237.0,1,4041.0,6049.71,5839.6514,-925.0
166,2013-06-09,0.0,0.0,0.0,0.0,0,0.0,7.0,0.40312344,-0.91514564,1.2246469e-16,-1.0,2,0,0,1,5336.0,1,5545.0,1,6651.0,1,6418.0,1,6174.0,1,4326.0,1,6174.0,1,4089.0,5764.226,5727.729,-209.0
166,2013-06-10,4295.0,690.0,1.0,0.0,0,0.0,1.0,0.29205677,-0.956401,1.2246469e-16,-1.0,2,0,0,1,0.0,1,5336.0,1,6470.0,1,0.0,1,6642.0,1,4331.0,1,5962.0,1,4181.0,3458.5356,4454.9004,-5336.0
166,2013-06-11,4581.0,675.0,1.0,0.0,0,0.0,2.0,0.29205677,-0.956401,1.2246469e-16,-1.0,2,0,0,1,4295.0,1,0.0,1,5545.0,1,8210.0,1,0.0,1,0.0,1,4946.0,1,5291.0,3793.1213,4419.3667,4295.0
166,2013-06-12,3974.0,704.0,1.0,0.0,0,0.0,3.0,0.29205677,-0.956401,1.2246469e-16,-1.0,2,0,0,1,4581.0,1,4295.0,1,5336.0,1,7090.0,1,9553.0,1,6362.0,1,0.0,1,0.0,4108.273,4455.285,286.0
166,2013-06-13,4421.0,670.0,1.0,0.0,0,0.0,4.0,0.29205677,-0.956401,1.2246469e-16,-1.0,2,0,0,1,3974.0,1,4581.0,1,0.0,1,6651.0,1,6418.0,1,6174.0,1,0.0,1,6400.0,4054.5637,4348.333,-607.0
166,2013-06-14,4856.0,762.0,1.0,0.0,0,0.0,5.0,0.29205677,-0.956401,1.2246469e-16,-1.0,2,0,0,1,4421.0,1,3974.0,1,4295.0,1,6470.0,1,0.0,1,6642.0,1,5276.0,1,5540.0,4201.138,4364.4814,447.0
166,2013-06-15,5299.0,816.0,1.0,0.0,0,0.0,6.0,0.29205677,-0.956401,1.2246469e-16,-1.0,2,0,0,1,4856.0,1,4421.0,1,4581.0,1,5545.0,1,8210.0,1,0.0,1,3612.0,1,4889.0,4463.083,4473.7075,435.0
166,2013-06-16,0.0,0.0,0.0,0.0,0,0.0,7.0,0.29205677,-0.956401,1.2246469e-16,-1.0,2,0,0,1,5299.0,1,4856.0,1,3974.0,1,5336.0,1,7090.0,1,9553.0,1,3794.0,1,4811.0,4797.4497,4657.106,443.0
166,2013-06-17,7790.0,992.0,1.0,1.0,0,0.0,1.0,0.17689027,-0.9842306,1.2246469e-16,-1.0,2,0,0,1,0.0,1,5299.0,1,4421.0,1,0.0,1,6651.0,1,6418.0,1,4326.0,1,5048.0,2878.47,3622.1936,-5299.0
166,2013-06-18,6387.0,879.0,1.0,1.0,0,0.0,2.0,0.17689027,-0.9842306,1.2246469e-16,-1.0,2,0,0,1,7790.0,1,0.0,1,4856.0,1,4295.0,1,6470.0,1,0.0,1,4331.0,1,4726.0,4843.082,4548.3726,7790.0
166,2013-06-19,5140.0,711.0,1.0,1.0,0,0.0,3.0,0.17689027,-0.9842306,1.2246469e-16,-1.0,2,0,0,1,6387.0,1,7790.0,1,5299.0,1,4581.0,1,5545.0,1,8210.0,1,0.0,1,0.0,5460.649,4956.9565,-1403.0
166,2013-06-20,5198.0,786.0,1.0,1.0,0,0.0,4.0,0.17689027,-0.9842306,1.2246469e-16,-1.0,2,0,0,1,5140.0,1,6387.0,1,0.0,1,3974.0,1,5336.0,1,7090.0,1,6362.0,1,7632.0,5332.3896,4997.633,-1247.0
166,2013-06-21,5365.0,780.0,1.0,1.0,0,0.0,5.0,0.17689027,-0.9842306,1.2246469e-16,-1.0,2,0,0,1,5198.0,1,5140.0,1,7790.0,1,4421.0,1,0.0,1,6651.0,1,6174.0,1,8479.0,5278.634,5042.1587,58.0
166,2013-06-22,5765.0,852.0,1.0,0.0,0,0.0,6.0,0.17689027,-0.9842306,1.2246469e-16,-1.0,2,0,0,1,5365.0,1,5198.0,1,6387.0,1,4856.0,1,4295.0,1,6470.0,1,6642.0,1,0.0,5313.18,5113.9014,167.0
166,2013-06-23,0.0,0.0,0.0,0.0,0,0.0,7.0,0.17689027,-0.9842306,1.2246469e-16,-1.0,2,0,0,1,5765.0,1,5365.0,1,5140.0,1,5299.0,1,4581.0,1,5545.0,1,0.0,1,7745.0,5493.908,5258.59,400.0
166,2013-06-24,4033.0,693.0,1.0,0.0,0,0.0,1.0,0.059240628,-0.99824375,1.2246469e-16,-1.0,2,0,0,1,0.0,1,5765.0,1,5198.0,1,0.0,1,3974.0,1,5336.0,1,9553.0,1,5794.0,3296.345,4090.0144,-5765.0
166,2013-06-25,4190.0,668.0,1.0,0.0,0,0.0,2.0,0.059240628,-0.99824375,1.2246469e-16,-1.0,2,0,0,1,4033.0,1,0.0,1,5365.0,1,7790.0,1,4421.0,1,0.0,1,6418.0,1,5839.0,3591.0068,4077.3445,4033.0
166,2013-06-26,4035.0,648.0,1.0,0.0,0,0.0,3.0,0.059240628,-0.99824375,1.2246469e-16,-1.0,2,0,0,1,4190.0,1,4033.0,1,5765.0,1,6387.0,1,4856.0,1,4295.0,1,0.0,1,0.0,3830.6042,4102.379,157.0
166,2013-06-27,4870.0,727.0,1.0,0.0,0,0.0,4.0,0.059240628,-0.99824375,1.2246469e-16,-1.0,2,0,0,1,4035.0,1,4190.0,1,0.0,1,5140.0,1,5299.0,1,4581.0,1,8210.0,1,5187.0,3912.3625,4087.406,-155.0
166,2013-06-28,5642.0,765.0,1.0,0.0,0,0.0,5.0,0.059240628,-0.99824375,1.2246469e-16,-1.0,2,0,0,1,4870.0,1,4035.0,1,4033.0,1,5198.0,1,0.0,1,3974.0,1,7090.0,1,4902.0,4295.4175,4261.316,835.0
166,2013-06-29,6058.0,863.0,1.0,0.0,0,0.0,6.0,0.059240628,-0.99824375,1.2246469e-16,-1.0,2,0,0,1,5642.0,1,4870.0,1,4190.0,1,5365.0,1,7790.0,1,4421.0,1,6651.0,1,5519.0,4834.0503,4568.1343,772.0
166,2013-06-30,0.0,0.0,0.0,0.0,0,0.0,7.0,0.059240628,-0.99824375,1.2246469e-16,-1.0,2,0,1,1,6058.0,1,5642.0,1,4035.0,1,5765.0,1,6387.0,1,4856.0,1,6470.0,1,0.0,5323.6304,4899.216,416.0
166,2013-07-01,8117.0,1025.0,1.0,1.0,0,0.0,1.0,-0.059240628,-0.99824375,-0.5,-0.8660254,3,1,0,1,0.0,1,6058.0,1,4870.0,1,0.0,1,5140.0,1,5299.0,1,5545.0,1,7019.0,3194.1782,3810.501,-6058.0
166,2013-07-02,7895.0,1007.0,1.0,1.0,0,0.0,2.0,-0.059240628,-0.99824375,-0.5,-0.8660254,3,0,0,1,8117.0,1,0.0,1,5642.0,1,4033.0,1,5198.0,1,0.0,1,5336.0,1,6193.0,5163.307,4767.501,8117.0
166,2013-07-03,5903.0,772.0,1.0,1.0,0,0.0,3.0,-0.059240628,-0.99824375,-0.5,-0.8660254,3,0,0,1,7895.0,1,8117.0,1,6058.0,1,4190.0,1,5365.0,1,7790.0,1,0.0,1,0.0,6255.9844,5462.5005,-222.0
166,2013-07-04,6046.0,823.0,1.0,1.0,0,0.0,4.0,-0.059240628,-0.99824375,-0.5,-0.8660254,3,0,0,1,5903.0,1,7895.0,1,0.0,1,4035.0,1,5765.0,1,6387.0,1,4295.0,1,6828.0,6114.7905,5560.3896,-1992.0
166,2013-07-05,5706.0,807.0,1.0,1.0,0,0.0,5.0,-0.059240628,-0.99824375,-0.5,-0.8660254,3,0,0,1,6046.0,1,5903.0,1,8117.0,1,4870.0,1,0.0,1,5140.0,1,4581.0,1,6582.0,6087.2744,5668.3027,143.0
166,2013-07-06,5301.0,849.0,1.0,0.0,0,0.0,6.0,-0.059240628,-0.99824375,-0.5,-0.8660254,3,0,0,1,5706.0,1,6046.0,1,7895.0,1,5642.0,1,4033.0,1,5198.0,1,3974.0,1,6237.0,5934.7646,5676.68,-340.0
166,2013-07-07,0.0,0.0,0.0,0.0,0,0.0,7.0,-0.059240628,-0.99824375,-0.5,-0.8660254,3,0,0,1,5301.0,1,5706.0,1,5903.0,1,6058.0,1,4190.0,1,5365.0,1,4421.0,1,6174.0,5681.259,5593.196,-405.0
166,2013-07-08,4478.0,719.0,1.0,0.0,0,0.0,1.0,-0.17689027,-0.9842306,-0.5,-0.8660254,3,0,0,1,0.0,1,5301.0,1,6046.0,1,0.0,1,4035.0,1,5765.0,1,4856.0,1,5962.0,3408.7551,4350.263,-5301.0
166,2013-07-09,4683.0,732.0,1.0,0.0,0,0.0,2.0,-0.17689027,-0.9842306,-0.5,-0.8660254,3,0,0,1,4478.0,1,0.0,1,5706.0,1,8117.0,1,4870.0,1,0.0,1,5299.0,1,4946.0,3836.4531,4378.649,4478.0
166,2013-07-10,4804.0,730.0,1.0,0.0,0,0.0,3.0,-0.17689027,-0.9842306,-0.5,-0.8660254,3,0,0,1,4683.0,1,4478.0,1,5301.0,1,7895.0,1,5642.0,1,4033.0,1,0.0,1,0.0,4175.072,4446.2827,205.0
166,2013-07-11,5344.0,778.0,1.0,0.0,0,0.0,4.0,-0.17689027,-0.9842306,-0.5,-0.8660254,3,0,0,1,4804.0,1,4683.0,1,0.0,1,5903.0,1,6058.0,1,4190.0,1,7790.0,1,0.0,4426.643,4525.7754,121.0
166,2013-07-12,4497.0,716.0,1.0,0.0,0,0.0,5.0,-0.17689027,-0.9842306,-0.5,-0.8660254,3,0,0,1,5344.0,1,4804.0,1,4478.0,1,6046.0,1,0.0,1,4035.0,1,6387.0,1,5276.0,4793.586,4707.603,540.0
166,2013-07-13,5393.0,786.0,1.0,0.0,0,0.0,6.0,-0.17689027,-0.9842306,-0.5,-0.8660254,3,0,0,1,4497.0,1,5344.0,1,4683.0,1,5706.0,1,8117.0,1,4870.0,1,5140.0,1,3612.0,4674.9517,4660.8022,-847.0
166,2013-07-14,0.0,0.0,0.0,0.0,0,0.0,7.0,-0.17689027,-0.9842306,-0.5,-0.8660254,3,0,0,1,5393.0,1,4497.0,1,4804.0,1,5301.0,1,7895.0,1,5642.0,1,5198.0,1,3794.0,4962.171,4823.513,896.0
166,2013-07-15,9759.0,1139.0,1.0,1.0,0,0.0,1.0,-0.29205677,-0.956401,-0.5,-0.8660254,3,0,0,1,0.0,1,5393.0,1,5344.0,1,0.0,1,5903.0,1,6058.0,1,5365.0,1,4326.0,2977.3025,3751.621,-5393.0
166,2013-07-16,7462.0,968.0,1.0,1.0,0,0.0,2.0,-0.29205677,-0.956401,-0.5,-0.8660254,3,0,0,1,9759.0,1,0.0,1,4497.0,1,4478.0,1,6046.0,1,0.0,1,5765.0,1,4331.0,5689.9814,5086.594,9759.0
166,2013-07-17,6839.0,886.0,1.0,1.0,0,0.0,3.0,-0.29205677,-0.956401,-0.5,-0.8660254,3,0,0,1,7462.0,1,9759.0,1,5393.0,1,4683.0,1,5706.0,1,8117.0,1,0.0,1,0.0,6398.789,5614.4624,-2297.0
166,2013-07-18,6597.0,903.0,1.0,1.0,0,0.0,4.0,-0.29205677,-0.956401,-0.5,-0.8660254,3,0,0,1,6839.0,1,7462.0,1,0.0,1,4804.0,1,5301.0,1,7895.0,1,4033.0,1,6362.0,6574.8735,5886.5815,-623.0
166,2013-07-19,6354.0,903.0,1.0,1.0,0,0.0,5.0,-0.29205677,-0.956401,-0.5,-0.8660254,3,0,0,1,6597.0,1,6839.0,1,9759.0,1,5344.0,1,0.0,1,5903.0,1,4190.0,1,6174.0,6583.724,6044.4526,-242.0
166,2013-07-20,5641.0,885.0,1.0,0.0,0,0.0,6.0,-0.29205677,-0.956401,-0.5,-0.8660254,3,0,0,1,6354.0,1,6597.0,1,7462.0,1,4497.0,1,4478.0,1,6046.0,1,4035.0,1,6642.0,6491.8345,6113.2407,-243.0
166,2013-07-21,0.0,0.0,0.0,0.0,0,0.0,7.0,-0.29205677,-0.956401,-0.5,-0.8660254,3,0,0,1,5641.0,1,6354.0,1,6839.0,1,5393.0,1,4683.0,1,5706.0,1,4870.0,1,0.0,6151.5005,6008.2983,-713.0
166,2013-07-22,4756.0,792.0,1.0,0.0,0,1.0,1.0,-0.40312344,-0.91514564,-0.5,-0.8660254,3,0,0,1,0.0,1,5641.0,1,6597.0,1,0.0,1,4804.0,1,5301.0,1,5642.0,1,9553.0,3690.9004,4673.121,-5641.0
166,2013-07-23,3858.0,576.0,1.0,0.0,0,1.0,2.0,-0.40312344,-0.91514564,-0.5,-0.8660254,3,0,0,1,4756.0,1,0.0,1,6354.0,1,9759.0,1,5344.0,1,0.0,1,6058.0,1,6418.0,4116.9404,4691.5386,4756.0
166,2013-07-24,4366.0,665.0,1.0,0.0,0,1.0,3.0,-0.40312344,-0.91514564,-0.5,-0.8660254,3,0,0,1,3858.0,1,4756.0,1,5641.0,1,7462.0,1,4497.0,1,4478.0,1,0.0,1,0.0,4013.3643,4506.3076,-898.0
166,2013-07-25,4515.0,716.0,1.0,0.0,0,1.0,4.0,-0.40312344,-0.91514564,-0.5,-0.8660254,3,0,0,1,4366.0,1,3858.0,1,0.0,1,6839.0,1,5393.0,1,4683.0,1,8117.0,1,8210.0,4154.4185,4475.1284,508.0
166,2013-07-26,4200.0,644.0,1.0,0.0,0,1.0,5.0,-0.40312344,-0.91514564,-0.5,-0.8660254,3,0,0,1,4515.0,1,4366.0,1,4756.0,1,6597.0,1,0.0,1,4804.0,1,7895.0,1,7090.0,4298.651,4483.989,149.0
166,2013-07-27,4052.0,623.0,1.0,0.0,0,0.0,6.0,-0.40312344,-0.91514564,-0.5,-0.8660254,3,0,0,1,4200.0,1,4515.0,1,3858.0,1,6354.0,1,9759.0,1,5344.0,1,5903.0,1,6651.0,4259.1904,4420.88,-315.0
166,2013-07-28,0.0,0.0,0.0,0.0,0,0.0,7.0,-0.40312344,-0.91514564,-0.5,-0.8660254,3,0,0,1,4052.0,1,4200.0,1,4366.0,1,5641.0,1,7462.0,1,4497.0,1,6046.0,1,6470.0,4176.3145,4338.9067,-148.0
166,2013-07-29,8091.0,987.0,1.0,1.0,0,1.0,1.0,-0.5085311,-0.86104363,-0.5,-0.8660254,3,0,0,1,0.0,1,4052.0,1,4515.0,1,0.0,1,6839.0,1,5393.0,1,5706.0,1,5545.0,2505.7886,3374.7053,-4052.0
166,2013-07-30,8329.0,981.0,1.0,1.0,0,1.0,2.0,-0.5085311,-0.86104363,-0.5,-0.8660254,3,0,0,1,8091.0,1,0.0,1,4200.0,1,4756.0,1,6597.0,1,0.0,1,5301.0,1,5336.0,4739.873,4422.7705,8091.0
166,2013-07-31,8133.0,1009.0,1.0,1.0,0,1.0,3.0,-0.5085311,-0.86104363,-0.5,-0.8660254,3,0,1,1,8329.0,1,8091.0,1,4052.0,1,3858.0,1,6354.0,1,9759.0,1,0.0,1,0.0,6175.524,5290.822,238.0
166,2013-08-01,6801.0,930.0,1.0,1.0,0,1.0,4.0,-0.5085311,-0.86104363,-0.8660254,-0.5,3,1,0,1,8133.0,1,8329.0,1,0.0,1,4366.0,1,5641.0,1,7462.0,1,4478.0,1,4295.0,6958.514,5922.417,-196.0
166,2013-08-02,5870.0,812.0,1.0,1.0,0,1.0,5.0,-0.5085311,-0.86104363,-0.8660254,-0.5,3,0,0,1,6801.0,1,8133.0,1,8091.0,1,4515.0,1,0.0,1,6839.0,1,4683.0,1,4581.0,6895.509,6117.6577,-1332.0
166,2013-08-03,6160.0,930.0,1.0,0.0,0,0.0,6.0,-0.5085311,-0.86104363,-0.8660254,-0.5,3,0,0,1,5870.0,1,6801.0,1,8329.0,1,4200.0,1,4756.0,1,6597.0,1,4804.0,1,3974.0,6485.305,6062.6226,-931.0
166,2013-08-04,0.0,0.0,0.0,0.0,0,0.0,7.0,-0.5085311,-0.86104363,-0.8660254,-0.5,3,0,0,1,6160.0,1,5870.0,1,8133.0,1,4052.0,1,3858.0,1,6354.0,1,5344.0,1,4421.0,6355.183,6084.262,290.0
166,2013-08-05,5795.0,880.0,1.0,0.0,0,1.0,1.0,-0.60680014,-0.79485446,-0.8660254,-0.5,3,0,0,1,0.0,1,6160.0,1,6801.0,1,0.0,1,4366.0,1,5641.0,1,4497.0,1,4856.0,3813.1099,4732.2036,-6160.0
166,2013-08-06,5422.0,807.0,1.0,0.0,0,1.0,2.0,-0.60680014,-0.79485446,-0.8660254,-0.5,3,0,0,1,5795.0,1,0.0,1,5870.0,1,8091.0,1,4515.0,1,0.0,1,5393.0,1,5299.0,4605.8657,4968.381,5795.0
166,2013-08-07,5197.0,782.0,1.0,0.0,0,1.0,3.0,-0.60680014,-0.79485446,-0.8660254,-0.5,3,0,0,1,5422.0,1,5795.0,1,6160.0,1,8329.0,1,4200.0,1,4756.0,1,0.0,1,0.0,4932.3193,5069.185,-373.0
166,2013-08-08,5345.0,749.0,1.0,0.0,0,1.0,4.0,-0.60680014,-0.79485446,-0.8660254,-0.5,3,0,0,1,5197.0,1,5422.0,1,0.0,1,8133.0,1,4052.0,1,3858.0,1,9759.0,1,7790.0,5038.192,5097.5884,-225.0
166,2013-08-09,5470.0,828.0,1.0,0.0,0,1.0,5.0,-0.60680014,-0.79485446,-0.8660254,-0.5,3,0,0,1,5345.0,1,5197.0,1,5795.0,1,6801.0,1,0.0,1,4366.0,1,7462.0,1,6387.0,5160.915,5152.569,148.0
166,2013-08-10,5039.0,717.0,1.0,0.0,0,0.0,6.0,-0.60680014,-0.79485446,-0.8660254,-0.5,3,0,0,1,5470.0,1,5345.0,1,5422.0,1,5870.0,1,8091.0,1,4515.0,1,6839.0,1,5140.0,5284.549,5223.109,125.0
166,2013-08-11,0.0,0.0,0.0,0.0,0,0.0,7.0,-0.60680014,-0.79485446,-0.8660254,-0.5,3,0,0,1,5039.0,1,5470.0,1,5197.0,1,6160.0,1,8329.0,1,4200.0,1,6597.0,1,5198.0,5186.3296,5182.196,-431.0
166,2013-08-12,7503.0,900.0,1.0,1.0,0,1.0,1.0,-0.696551,-0.71750724,-0.8660254,-0.5,3,0,0,1,0.0,1,5039.0,1,5345.0,1,0.0,1,8133.0,1,4052.0,1,6354.0,1,5365.0,3111.7976,4030.5967,-5039.0
166,2013-08-13,6454.0,866.0,1.0,1.0,0,1.0,2.0,-0.696551,-0.71750724,-0.8660254,-0.5,3,0,0,1,7503.0,1,0.0,1,5470.0,1,5795.0,1,6801.0,1,0.0,1,5641.0,1,5765.0,4868.279,4802.242,7503.0
166,2013-08-14,6085.0,811.0,1.0,1.0,0,1.0,3.0,-0.696551,-0.71750724,-0.8660254,-0.5,3,0,0,1,6454.0,1,7503.0,1,5039.0,1,5422.0,1,5870.0,1,8091.0,1,0.0,1,0.0,5502.5674,5169.2993,-1049.0
166,2013-08-15,6566.0,892.0,1.0,1.0,0,1.0,4.0,-0.696551,-0.71750724,-0.8660254,-0.5,3,0,0,1,6085.0,1,6454.0,1,0.0,1,5197.0,1,6160.0,1,8329.0,1,4756.0,1,4033.0,5735.5405,5372.7886,-369.0
166,2013-08-16,5983.0,842.0,1.0,1.0,0,1.0,5.0,-0.696551,-0.71750724,-0.8660254,-0.5,3,0,0,1,6566.0,1,6085.0,1,7503.0,1,5345.0,1,0.0,1,8133.0,1,3858.0,1,4190.0,6067.724,5637.9463,481.0
166,2013-08-17,4661.0,710.0,1.0,0.0,0,0.0,6.0,-0.696551,-0.71750724,-0.8660254,-0.5,3,0,0,1,5983.0,1,6566.0,1,6454.0,1,5470.0,1,5795.0,1,6801.0,1,4366.0,1,4035.0,6033.8345,5714.625,-583.0
166,2013-08-18,0.0,0.0,0.0,0.0,0,0.0,7.0,-0.696551,-0.71750724,-0.8660254,-0.5,3,0,0,1,4661.0,1,5983.0,1,6085.0,1,5039.0,1,5422.0,1,5870.0,1,4515.0,1,4870.0,5484.7007,5480.4863,-1322.0
166,2013-08-19,4108.0,649.0,1.0,0.0,0,1.0,1.0,-0.7765239,-0.63008785,-0.8660254,-0.5,3,0,0,1,0.0,1,4661.0,1,6566.0,1,0.0,1,5197.0,1,6160.0,1,4200.0,1,5642.0,3290.8203,4262.6,-4661.0
166,2013-08-20,4983.0,721.0,1.0,0.0,0,1.0,2.0,-0.7765239,-0.63008785,-0.8660254,-0.5,3,0,0,1,4108.0,1,0.0,1,5983.0,1,7503.0,1,5345.0,1,0.0,1,4052.0,1,6058.0,3617.6921,4228.2446,4108.0
166,2013-08-21,5059.0,735.0,1.0,0.0,0,1.0,3.0,-0.7765239,-0.63008785,-0.8660254,-0.5,3,0,0,1,4983.0,1,4108.0,1,4661.0,1,6454.0,1,5470.0,1,5795.0,1,0.0,1,0.0,4163.8154,4395.9683,875.0
166,2013-08-22,4255.0,733.0,1.0,0.0,0,1.0,4.0,-0.7765239,-0.63008785,-0.8660254,-0.5,3,0,0,1,5059.0,1,4983.0,1,0.0,1,6085.0,1,5039.0,1,5422.0,1,8091.0,1,8117.0,4521.889,4543.3086,76.0
166,2013-08-23,4657.0,721.0,1.0,0.0,0,1.0,5.0,-0.7765239,-0.63008785,-0.8660254,-0.5,3,0,0,1,4255.0,1,5059.0,1,4108.0,1,6566.0,1,0.0,1,5197.0,1,8329.0,1,7895.0,4415.1333,4479.2397,-804.0
166,2013-08-24,4480.0,673.0,1.0,0.0,0,0.0,6.0,-0.7765239,-0.63008785,-0.8660254,-0.5,3,0,0,1,4657.0,1,4255.0,1,4983.0,1,5983.0,1,7503.0,1,5345.0,1,8133.0,1,5903.0,4511.88,4518.742,402.0
166,2013-08-25,0.0,0.0,0.0,0.0,0,0.0,7.0,-0.7765239,-0.63008785,-0.8660254,-0.5,3,0,0,1,4480.0,1,4657.0,1,5059.0,1,4661.0,1,6454.0,1,5470.0,1,6801.0,1,6046.0,4499.128,4510.133,-177.0
166,2013-08-26,6919.0,920.0,1.0,1.0,0,1.0,1.0,-0.845596,-0.5338234,-0.8660254,-0.5,3,0,0,1,0.0,1,4480.0,1,4255.0,1,0.0,1,6085.0,1,5039.0,1,5870.0,1,5706.0,2699.4768,3507.881,-4480.0
166,2013-08-27,6162.0,870.0,1.0,1.0,0,1.0,2.0,-0.845596,-0.5338234,-0.8660254,-0.5,3,0,0,1,6919.0,1,0.0,1,4657.0,1,4108.0,1,6566.0,1,0.0,1,6160.0,1,5301.0,4387.286,4265.9077,6919.0
166,2013-08-28,5447.0,773.0,1.0,1.0,0,1.0,3.0,-0.845596,-0.5338234,-0.8660254,-0.5,3,0,0,1,6162.0,1,6919.0,1,4480.0,1,4983.0,1,5983.0,1,7503.0,1,0.0,1,0.0,5097.172,4687.261,-757.0
166,2013-08-29,6294.0,887.0,1.0,1.0,0,1.0,4.0,-0.845596,-0.5338234,-0.8660254,-0.5,3,0,0,1,5447.0,1,6162.0,1,0.0,1,5059.0,1,4661.0,1,6454.0,1,5795.0,1,4478.0,5237.103,4856.0923,-715.0
166,2013-08-30,8137.0,972.0,1.0,1.0,0,1.0,5.0,-0.845596,-0.5338234,-0.8660254,-0.5,3,0,0,1,6294.0,1,5447.0,1,6919.0,1,4255.0,1,0.0,1,6085.0,1,5422.0,1,4683.0,5659.862,5175.6274,847.0
166,2013-08-31,5409.0,855.0,1.0,0.0,0,0.0,6.0,-0.845596,-0.5338234,-0.8660254,-0.5,3,0,1,1,8137.0,1,6294.0,1,6162.0,1,4657.0,1,4108.0,1,6566.0,1,5197.0,1,4804.0,6650.7173,5833.71,1843.0
166,2013-09-01,0.0,0.0,0.0,0.0,0,0.0,7.0,-0.845596,-0.5338234,-1.0,-1.8369701e-16,3,1,0,1,5409.0,1,8137.0,1,5447.0,1,4480.0,1,4983.0,1,5983.0,1,5345.0,1,5344.0,6154.0303,5739.33,-2728.0
166,2013-09-02,5218.0,751.0,1.0,0.0,0,1.0,1.0,-0.9027978,-0.4300652,-1.0,-1.8369701e-16,3,0,0,1,0.0,1,5409.0,1,6294.0,1,0.0,1,5059.0,1,4661.0,1,5470.0,1,4497.0,3692.4182,4463.9233,-5409.0
166,2013-09-03,5634.0,861.0,1.0,0.0,0,1.0,2.0,-0.9027978,-0.4300652,-1.0,-1.8369701e-16,3,0,0,1,5218.0,1,0.0,1,8137.0,1,6919.0,1,4255.0,1,0.0,1,5039.0,1,5393.0,4302.651,4631.496,5218.0
166,2013-09-04,4961.0,809.0,1.0,0.0,0,0.0,3.0,-0.9027978,-0.4300652,-1.0,-1.8369701e-16,3,0,0,1,5634.0,1,5218.0,1,5409.0,1,6162.0,1,4657.0,1,4108.0,1,0.0,1,0.0,4835.1904,4854.2744,416.0
166,2013-09-05,4196.0,676.0,1.0,0.0,0,0.0,4.0,-0.9027978,-0.4300652,-1.0,-1.8369701e-16,3,0,0,1,4961.0,1,5634.0,1,0.0,1,5447.0,1,4480.0,1,4983.0,1,7503.0,1,9759.0,4885.514,4877.991,-673.0
166,2013-09-06,3936.0,614.0,1.0,0.0,0,0.0,5.0,-0.9027978,-0.4300652,-1.0,-1.8369701e-16,3,0,0,1,4196.0,1,4961.0,1,5218.0,1,6294.0,1,0.0,1,5059.0,1,6454.0,1,7462.0,4609.7085,4726.438,-765.0
166,2013-09-07,5158.0,753.0,1.0,0.0,0,0.0,6.0,-0.9027978,-0.4300652,-1.0,-1.8369701e-16,3,0,0,1,3936.0,1,4196.0,1,5634.0,1,8137.0,1,6919.0,1,4255.0,1,6085.0,1,6839.0,4340.225,4550.785,-260.0
166,2013-09-08,0.0,0.0,0.0,0.0,0,0.0,7.0,-0.9027978,-0.4300652,-1.0,-1.8369701e-16,3,0,0,1,5158.0,1,3936.0,1,4961.0,1,5409.0,1,6162.0,1,4657.0,1,6566.0,1,6597.0,4667.335,4685.7217,1222.0
166,2013-09-09,7834.0,937.0,1.0,1.0,0,0.0,1.0,-0.94732636,-0.32026985,-1.0,-1.8369701e-16,3,0,0,1,0.0,1,5158.0,1,4196.0,1,0.0,1,5447.0,1,4480.0,1,5983.0,1,6354.0,2800.4011,3644.4502,-5158.0
166,2013-09-10,6030.0,710.0,1.0,1.0,0,0.0,2.0,-0.94732636,-0.32026985,-1.0,-1.8369701e-16,3,0,0,1,7834.0,1,0.0,1,3936.0,1,5218.0,1,6294.0,1,0.0,1,4661.0,1,5641.0,4813.841,4575.4614,7834.0
166,2013-09-11,5462.0,663.0,1.0,1.0,0,0.0,3.0,-0.94732636,-0.32026985,-1.0,-1.8369701e-16,3,0,0,1,6030.0,1,7834.0,1,5158.0,1,5634.0,1,8137.0,1,6919.0,1,0.0,1,0.0,5300.304,4898.692,-1804.0
166,2013-09-12,6692.0,855.0,1.0,1.0,0,0.0,4.0,-0.94732636,-0.32026985,-1.0,-1.8369701e-16,3,0,0,1,5462.0,1,6030.0,1,0.0,1,4961.0,1,5409.0,1,6162.0,1,4108.0,1,4756.0,5364.9824,5023.8716,-568.0
166,2013-09-13,6467.0,845.0,1.0,1.0,0,0.0,5.0,-0.94732636,-0.32026985,-1.0,-1.8369701e-16,3,0,0,1,6692.0,1,5462.0,1,7834.0,1,4196.0,1,0.0,1,5447.0,1,4983.0,1,3858.0,5895.7896,5394.567,1230.0
166,2013-09-14,4814.0,766.0,1.0,0.0,0,0.0,6.0,-0.94732636,-0.32026985,-1.0,-1.8369701e-16,3,0,0,1,6467.0,1,6692.0,1,6030.0,1,3936.0,1,5218.0,1,6294.0,1,5059.0,1,4366.0,6124.274,5632.8853,-225.0
166,2013-09-15,0.0,0.0,0.0,0.0,0,0.0,7.0,-0.94732636,-0.32026985,-1.0,-1.8369701e-16,3,0,0,1,4814.0,1,6467.0,1,5462.0,1,5158.0,1,5634.0,1,8137.0,1,4255.0,1,4515.0,5600.164,5450.9106,-1653.0
166,2013-09-16,4396.0,663.0,1.0,0.0,0,0.0,1.0,-0.9785565,-0.20597862,-1.0,-1.8369701e-16,3,0,0,1,0.0,1,4814.0,1,6692.0,1,0.0,1,4961.0,1,5409.0,1,4657.0,1,4200.0,3360.0986,4239.597,-4814.0
166,2013-09-17,4705.0,695.0,1.0,0.0,0,0.0,2.0,-0.9785565,-0.20597862,-1.0,-1.8369701e-16,3,0,0,1,4396.0,1,0.0,1,6467.0,1,7834.0,1,4196.0,1,0.0,1,4480.0,1,4052.0,3774.4592,4274.3535,4396.0
166,2013-09-18,3669.0,615.0,1.0,0.0,0,0.0,3.0,-0.9785565,-0.20597862,-1.0,-1.8369701e-16,3,0,0,1,4705.0,1,4396.0,1,4814.0,1,6030.0,1,3936.0,1,5218.0,1,0.0,1,0.0,4146.6753,4370.0527,309.0
166,2013-09-19,4681.0,724.0,1.0,0.0,0,0.0,4.0,-0.9785565,-0.20597862,-1.0,-1.8369701e-16,3,0,0,1,3669.0,1,4705.0,1,0.0,1,5462.0,1,5158.0,1,5634.0,1,6919.0,1,8091.0,3955.6052,4214.263,-1036.0
166,2013-09-20,4328.0,676.0,1.0,0.0,0,0.0,5.0,-0.9785565,-0.20597862,-1.0,-1.8369701e-16,3,0,0,1,4681.0,1,3669.0,1,4396.0,1,6692.0,1,0.0,1,4961.0,1,6162.0,1,8329.0,4245.763,4317.9824,1012.0
166,2013-09-21,5358.0,813.0,1.0,0.0,0,0.0,6.0,-0.9785565,-0.20597862,-1.0,-1.8369701e-16,3,0,0,1,4328.0,1,4681.0,1,4705.0,1,6467.0,1,7834.0,1,4196.0,1,5447.0,1,8133.0,4278.6577,4320.2085,-353.0
166,2013-09-22,0.0,0.0,0.0,0.0,0,0.0,7.0,-0.9785565,-0.20597862,-1.0,-1.8369701e-16,3,0,0,1,5358.0,1,4328.0,1,3669.0,1,4814.0,1,6030.0,1,3936.0,1,6294.0,1,6801.0,4710.3945,4550.829,1030.0
166,2013-09-23,6368.0,768.0,1.0,1.0,0,0.0,1.0,-0.9960498,-0.08879589,-1.0,-1.8369701e-16,3,0,0,1,0.0,1,5358.0,1,4681.0,1,0.0,1,5462.0,1,5158.0,1,8137.0,1,5870.0,2826.2368,3539.5337,-5358.0
166,2013-09-24,5951.0,823.0,1.0,1.0,0,0.0,2.0,-0.9960498,-0.08879589,-1.0,-1.8369701e-16,3,0,0,1,6368.0,1,0.0,1,4328.0,1,4396.0,1,6692.0,1,0.0,1,5409.0,1,6160.0,4242.942,4168.0815,6368.0
166,2013-09-25,5595.0,786.0,1.0,1.0,0,0.0,3.0,-0.9960498,-0.08879589,-1.0,-1.8369701e-16,3,0,0,1,5951.0,1,6368.0,1,5358.0,1,4705.0,1,6467.0,1,7834.0,1,0.0,1,0.0,4926.165,4564.2856,-417.0
166,2013-09-26,4978.0,717.0,1.0,1.0,0,0.0,4.0,-0.9960498,-0.08879589,-1.0,-1.8369701e-16,3,0,0,1,5595.0,1,5951.0,1,0.0,1,3669.0,1,4814.0,1,6030.0,1,5218.0,1,5795.0,5193.699,4793.3335,-356.0
166,2013-09-27,5928.0,776.0,1.0,1.0,0,0.0,5.0,-0.9960498,-0.08879589,-1.0,-1.8369701e-16,3,0,0,1,4978.0,1,5595.0,1,6368.0,1,4681.0,1,0.0,1,5462.0,1,5634.0,1,5422.0,5107.4194,4834.3706,-617.0
166,2013-09-28,5439.0,805.0,1.0,0.0,0,0.0,6.0,-0.9960498,-0.08879589,-1.0,-1.8369701e-16,3,0,0,1,5928.0,1,4978.0,1,5951.0,1,4328.0,1,4396.0,1,6692.0,1,4961.0,1,5197.0,5435.652,5077.3994,950.0
166,2013-09-29,0.0,0.0,0.0,0.0,0,0.0,7.0,-0.9960498,-0.08879589,-1.0,-1.8369701e-16,3,0,0,1,5439.0,1,5928.0,1,5595.0,1,5358.0,1,4705.0,1,6467.0,1,4196.0,1,5345.0,5436.991,5157.755,-489.0
166,2013-09-30,6084.0,848.0,1.0,0.0,0,0.0,1.0,-0.99956083,0.029633328,-1.0,-1.8369701e-16,3,0,1,1,0.0,1,5439.0,1,4978.0,1,0.0,1,3669.0,1,4814.0,1,3936.0,1,5470.0,3262.1946,4011.5872,-5439.0
166,2013-10-01,5298.0,837.0,1.0,0.0,0,0.0,2.0,-0.99956083,0.029633328,-0.8660254,0.5,4,1,0,1,6084.0,1,0.0,1,5928.0,1,6368.0,1,4681.0,1,0.0,1,5158.0,1,5039.0,4390.917,4472.1235,6084.0
166,2013-10-02,5446.0,797.0,1.0,0.0,0,0.0,3.0,-0.99956083,0.029633328,-0.8660254,0.5,4,0,0,1,5298.0,1,6084.0,1,5439.0,1,5951.0,1,4328.0,1,4396.0,1,0.0,1,0.0,4753.75,4655.6514,-786.0
166,2013-10-03,0.0,0.0,0.0,0.0,1,0.0,4.0,-0.99956083,0.029633328,-0.8660254,0.5,4,0,0,1,5446.0,1,5298.0,1,0.0,1,5595.0,1,5358.0,1,4705.0,1,7834.0,1,7503.0,5030.65,4831.2847,148.0
166,2013-10-04,7279.0,1077.0,1.0,0.0,0,0.0,5.0,-0.99956083,0.029633328,-0.8660254,0.5,4,0,0,1,0.0,1,5446.0,1,6084.0,1,4978.0,1,0.0,1,3669.0,1,6030.0,1,6454.0,3018.3901,3757.6658,-5446.0
166,2013-10-05,6823.0,1005.0,1.0,0.0,0,0.0,6.0,-0.99956083,0.029633328,-0.8660254,0.5,4,0,0,1,7279.0,1,0.0,1,5298.0,1,5928.0,1,6368.0,1,4681.0,1,5462.0,1,6085.0,4722.634,4540.1846,7279.0
166,2013-10-06,0.0,0.0,0.0,0.0,0,0.0,7.0,-0.99956083,0.029633328,-0.8660254,0.5,4,0,0,1,6823.0,1,7279.0,1,5446.0,1,5439.0,1,5951.0,1,4328.0,1,6692.0,1,6566.0,5562.7803,5047.4766,-456.0
166,2013-10-07,8643.0,1039.0,1.0,1.0,0,0.0,1.0,-0.9890402,0.14764656,-0.8660254,0.5,4,0,0,1,0.0,1,6823.0,1,0.0,1,0.0,1,5595.0,1,5358.0,1,6467.0,1,5983.0,3337.6682,3925.8152,-6823.0
166,2013-10-08,6671.0,894.0,1.0,1.0,0,0.0,2.0,-0.9890402,0.14764656,-0.8660254,0.5,4,0,0,1,8643.0,1,0.0,1,7279.0,1,6084.0,1,4978.0,1,0.0,1,4814.0,1,4661.0,5459.801,4974.0786,8643.0
166,2013-10-09,6397.0,854.0,1.0,1.0,0,0.0,3.0,-0.9890402,0.14764656,-0.8660254,0.5,4,0,0,1,6671.0,1,8643.0,1,6823.0,1,5298.0,1,5928.0,1,6368.0,1,0.0,1,0.0,5944.281,5351.1724,-1972.0
166,2013-10-10,6239.0,877.0,1.0,1.0,0,0.0,4.0,-0.9890402,0.14764656,-0.8660254,0.5,4,0,0,1,6397.0,1,6671.0,1,0.0,1,5446.0,1,5439.0,1,5951.0,1,4396.0,1,4108.0,6125.368,5583.5786,-274.0
166,2013-10-11,4686.0,638.0,1.0,1.0,0,0.0,5.0,-0.9890402,0.14764656,-0.8660254,0.5,4,0,0,1,6239.0,1,6397.0,1,8643.0,1,0.0,1,0.0,1,5595.0,1,4705.0,1,4983.0,6170.821,5729.2275,-158.0
166,2013-10-12,5760.0,827.0,1.0,0.0,0,0.0,6.0,-0.9890402,0.14764656,-0.8660254,0.5,4,0,0,1,4686.0,1,6239.0,1,6671.0,1,7279.0,1,6084.0,1,4978.0,1,3669.0,1,5059.0,5576.8926,5497.3994,-1553.0
166,2013-10-13,0.0,0.0,0.0,0.0,0,0.0,7.0,-0.9890402,0.14764656,-0.8660254,0.5,4,0,0,1,5760.0,1,4686.0,1,6397.0,1,6823.0,1,5298.0,1,5928.0,1,4681.0,1,4255.0,5650.1357,5555.755,1074.0
166,2013-10-14,4607.0,719.0,1.0,0.0,0,0.0,1.0,-0.9646356,0.26358718,-0.8660254,0.5,4,0,0,1,0.0,1,5760.0,1,6239.0,1,0.0,1,5446.0,1,5439.0,1,4328.0,1,4657.0,3390.0813,4321.1426,-5760.0
166,2013-10-15,3902.0,646.0,1.0,0.0,0,0.0,2.0,-0.9646356,0.26358718,-0.8660254,0.5,4,0,0,1,4607.0,1,0.0,1,4686.0,1,8643.0,1,0.0,1,0.0,1,5358.0,1,4480.0,3876.8489,4384.6665,4607.0
166,2013-10-16,4237.0,685.0,1.0,0.0,0,0.0,3.0,-0.9646356,0.26358718,-0.8660254,0.5,4,0,0,1,3902.0,1,4607.0,1,5760.0,1,6671.0,1,7279.0,1,6084.0,1,0.0,1,0.0,3886.9092,4277.407,-705.0
166,2013-10-17,4546.0,704.0,1.0,0.0,0,0.0,4.0,-0.9646356,0.26358718,-0.8660254,0.5,4,0,0,1,4237.0,1,3902.0,1,0.0,1,6397.0,1,6823.0,1,5298.0,1,6368.0,1,6919.0,4026.9456,4268.4277,335.0
166,2013-10-18,4554.0,683.0,1.0,0.0,0,0.0,5.0,-0.9646356,0.26358718,-0.8660254,0.5,4,0,0,1,4546.0,1,4237.0,1,4607.0,1,6239.0,1,0.0,1,5446.0,1,5951.0,1,6162.0,4234.5674,4330.111,309.0
166,2013-10-19,5347.0,815.0,1.0,0.0,0,0.0,6.0,-0.9646356,0.26358718,-0.8660254,0.5,4,0,0,1,4554.0,1,4546.0,1,3902.0,1,4686.0,1,8643.0,1,0.0,1,5595.0,1,5447.0,4362.3403,4379.864,8.0
166,2013-10-20,0.0,0.0,0.0,0.0,0,0.0,7.0,-0.9646356,0.26358718,-0.8660254,0.5,4,0,0,1,5347.0,1,4554.0,1,4237.0,1,5760.0,1,6671.0,1,7279.0,1,4978.0,1,6294.0,4756.204,4594.783,793.0
166,2013-10-21,7526.0,956.0,1.0,1.0,0,1.0,1.0,-0.9266896,0.37582758,-0.8660254,0.5,4,0,0,1,0.0,1,5347.0,1,4546.0,1,0.0,1,6397.0,1,6823.0,1,5928.0,1,8137.0,2853.7227,3573.72,-5347.0
166,2013-10-22,6587.0,898.0,1.0,1.0,0,1.0,2.0,-0.9266896,0.37582758,-0.8660254,0.5,4,0,0,1,7526.0,1,0.0,1,4554.0,1,4607.0,1,6239.0,1,0.0,1,5439.0,1,5409.0,4722.6333,4452.0044,7526.0
166,2013-10-23,5476.0,780.0,1.0,1.0,0,1.0,3.0,-0.9266896,0.37582758,-0.8660254,0.5,4,0,0,1,6587.0,1,7526.0,1,5347.0,1,3902.0,1,4686.0,1,8643.0,1,0.0,1,0.0,5468.38,4926.4478,-939.0
166,2013-10-24,5975.0,837.0,1.0,1.0,0,1.0,4.0,-0.9266896,0.37582758,-0.8660254,0.5,4,0,0,1,5476.0,1,6587.0,1,0.0,1,4237.0,1,5760.0,1,6671.0,1,6084.0,1,5218.0,5471.428,5048.571,-1111.0
166,2013-10-25,5173.0,736.0,1.0,1.0,0,1.0,5.0,-0.9266896,0.37582758,-0.8660254,0.5,4,0,0,1,5975.0,1,5476.0,1,7526.0,1,4546.0,1,0.0,1,6397.0,1,5298.0,1,5634.0,5672.857,5254.444,499.0
166,2013-10-26,4907.0,720.0,1.0,0.0,0,0.0,6.0,-0.9266896,0.37582758,-0.8660254,0.5,4,0,0,1,5173.0,1,5975.0,1,6587.0,1,4554.0,1,4607.0,1,6239.0,1,5446.0,1,4961.0,5472.914,5236.345,-802.0
166,2013-10-27,0.0,0.0,0.0,0.0,0,0.0,7.0,-0.9266896,0.37582758,-0.8660254,0.5,4,0,0,1,4907.0,1,5173.0,1,5476.0,1,5347.0,1,3902.0,1,4686.0,1,0.0,1,4196.0,5246.5483,5163.157,-266.0
166,2013-10-28,3866.0,625.0,1.0,0.0,0,1.0,1.0,-0.8757349,0.4827922,-0.8660254,0.5,4,0,0,1,0.0,1,4907.0,1,5975.0,1,0.0,1,4237.0,1,5760.0,1,7279.0,1,3936.0,3147.9292,4015.789,-4907.0
166,2013-10-29,4339.0,727.0,1.0,0.0,0,1.0,2.0,-0.8757349,0.4827922,-0.8660254,0.5,4,0,0,1,3866.0,1,0.0,1,5173.0,1,7526.0,1,4546.0,1,0.0,1,6823.0,1,5158.0,3435.1575,3982.5027,3866.0
166,2013-10-30,5355.0,801.0,1.0,0.0,0,1.0,3.0,-0.8757349,0.4827922,-0.8660254,0.5,4,0,0,1,4339.0,1,3866.0,1,4907.0,1,6587.0,1,4554.0,1,4607.0,1,0.0,1,0.0,3796.6946,4061.7244,473.0
166,2013-10-31,6457.0,930.0,1.0,0.0,0,1.0,4.0,-0.8757349,0.4827922,-0.8660254,0.5,4,0,1,1,5355.0,1,4339.0,1,0.0,1,5476.0,1,5347.0,1,3902.0,1,8643.0,1,7834.0,4420.0166,4349.1187,1016.0
166,2013-11-01,0.0,0.0,0.0,0.0,1,1.0,5.0,-0.8757349,0.4827922,-0.5,0.8660254,4,1,0,1,6457.0,1,5355.0,1,3866.0,1,5975.0,1,0.0,1,4237.0,1,6671.0,1,6030.0,5234.81,4817.537,1102.0
166,2013-11-02,6953.0,968.0,1.0,0.0,0,0.0,6.0,-0.8757349,0.4827922,-0.5,0.8660254,4,0,0,1,0.0,1,6457.0,1,4339.0,1,5173.0,1,7526.0,1,4546.0,1,6397.0,1,5462.0,3140.886,3746.9731,-6457.0
166,2013-11-03,0.0,0.0,0.0,0.0,0,0.0,7.0,-0.8757349,0.4827922,-0.5,0.8660254,4,0,0,1,6953.0,1,0.0,1,5355.0,1,4907.0,1,6587.0,1,4554.0,1,6239.0,1,6692.0,4665.7314,4459.4233,6953.0
166,2013-11-04,6372.0,761.0,1.0,1.0,0,0.0,1.0,-0.8124869,0.5829795,-0.5,0.8660254,4,0,0,1,0.0,1,6953.0,1,6457.0,1,0.0,1,5476.0,1,5347.0,1,4686.0,1,6467.0,2799.439,3468.4404,-6953.0
166,2013-11-05,7110.0,917.0,1.0,1.0,0,0.0,2.0,-0.8124869,0.5829795,-0.5,0.8660254,4,0,0,1,6372.0,1,0.0,1,0.0,1,3866.0,1,5975.0,1,0.0,1,5760.0,1,4814.0,4228.4634,4113.676,6372.0
166,2013-11-06,6080.0,842.0,1.0,1.0,0,0.0,3.0,-0.8124869,0.5829795,-0.5,0.8660254,4,0,0,1,7110.0,1,6372.0,1,6953.0,1,4339.0,1,5173.0,1,7526.0,1,0.0,1,0.0,5381.078,4779.526,738.0
166,2013-11-07,5389.0,756.0,1.0,1.0,0,0.0,4.0,-0.8124869,0.5829795,-0.5,0.8660254,4,0,0,1,6080.0,1,7110.0,1,0.0,1,5355.0,1,4907.0,1,6587.0,1,4607.0,1,4396.0,5660.647,5068.52,-1030.0
166,2013-11-08,6212.0,824.0,1.0,1.0,0,0.0,5.0,-0.8124869,0.5829795,-0.5,0.8660254,4,0,0,1,5389.0,1,6080.0,1,6372.0,1,6457.0,1,0.0,1,5476.0,1,3902.0,1,4705.0,5551.9883,5139.738,-691.0
166,2013-11-09,6242.0,882.0,1.0,0.0,0,0.0,6.0,-0.8124869,0.5829795,-0.5,0.8660254,4,0,0,1,6212.0,1,5389.0,1,7110.0,1,0.0,1,3866.0,1,5975.0,1,4237.0,1,3669.0,5815.9927,5378.018,823.0
166,2013-11-10,0.0,0.0,0.0,0.0,0,0.0,7.0,-0.8124869,0.5829795,-0.5,0.8660254,4,0,0,1,6242.0,1,6212.0,1,6080.0,1,6953.0,1,4339.0,1,5173.0,1,4546.0,1,4681.0,5986.3955,5570.014,30.0
166,2013-11-11,4620.0,743.0,1.0,0.0,0,0.0,1.0,-0.73783326,0.674983,-0.5,0.8660254,4,0,0,1,0.0,1,6242.0,1,5389.0,1,0.0,1,5355.0,1,4907.0,1,4554.0,1,4328.0,3591.8374,4332.2334,-6242.0
166,2013-11-12,4774.0,705.0,1.0,0.0,0,0.0,2.0,-0.73783326,0.674983,-0.5,0.8660254,4,0,0,1,4620.0,1,0.0,1,6212.0,1,6372.0,1,6457.0,1,0.0,1,5347.0,1,5358.0,4003.1025,4396.1816,4620.0
166,2013-11-13,4401.0,692.0,1.0,0.0,0,0.0,3.0,-0.73783326,0.674983,-0.5,0.8660254,4,0,0,1,4774.0,1,4620.0,1,6242.0,1,7110.0,1,0.0,1,3866.0,1,0.0,1,0.0,4311.4614,4480.141,154.0
166,2013-11-14,4511.0,687.0,1.0,0.0,0,0.0,4.0,-0.73783326,0.674983,-0.5,0.8660254,4,0,0,1,4401.0,1,4774.0,1,0.0,1,6080.0,1,6953.0,1,4339.0,1,7526.0,1,6368.0,4347.277,4462.554,-373.0
166,2013-11-15,4893.0,743.0,1.0,0.0,0,0.0,5.0,-0.73783326,0.674983,-0.5,0.8660254,4,0,0,1,4511.0,1,4401.0,1,4620.0,1,5389.0,1,0.0,1,5355.0,1,6587.0,1,5951.0,4412.766,4473.32,110.0
166,2013-11-16,6524.0,886.0,1.0,0.0,0,0.0,6.0,-0.73783326,0.674983,-0.5,0.8660254,4,0,0,1,4893.0,1,4511.0,1,4774.0,1,6212.0,1,6372.0,1,6457.0,1,5476.0,1,5595.0,4604.86,4566.582,382.0
166,2013-11-17,0.0,0.0,0.0,0.0,0,0.0,7.0,-0.73783326,0.674983,-0.5,0.8660254,4,0,0,1,6524.0,1,4893.0,1,4401.0,1,6242.0,1,7110.0,1,0.0,1,5975.0,1,4978.0,5372.5156,5001.564,1631.0
166,2013-11-18,7932.0,927.0,1.0,1.0,0,0.0,1.0,-0.65282214,0.75751126,-0.5,0.8660254,4,0,0,1,0.0,1,6524.0,1,4511.0,1,0.0,1,6080.0,1,6953.0,1,5173.0,1,5928.0,3223.5095,3890.1052,-6524.0
166,2013-11-19,7000.0,885.0,1.0,1.0,0,0.0,2.0,-0.65282214,0.75751126,-0.5,0.8660254,4,0,0,1,7932.0,1,0.0,1,4893.0,1,4620.0,1,5389.0,1,0.0,1,4907.0,1,5439.0,5106.906,4788.304,7932.0
166,2013-11-20,6966.0,862.0,1.0,1.0,0,0.0,3.0,-0.65282214,0.75751126,-0.5,0.8660254,4,0,0,1,7000.0,1,7932.0,1,6524.0,1,4774.0,1,6212.0,1,6372.0,1,0.0,1,0.0,5864.1436,5279.792,-932.0
166,2013-11-21,6096.0,809.0,1.0,1.0,0,0.0,4.0,-0.65282214,0.75751126,-0.5,0.8660254,4,0,0,1,6966.0,1,7000.0,1,0.0,1,4401.0,1,6242.0,1,7110.0,1,3866.0,1,6084.0,6304.886,5654.505,-34.0
166,2013-11-22,5505.0,758.0,1.0,1.0,0,0.0,5.0,-0.65282214,0.75751126,-0.5,0.8660254,4,0,0,1,6096.0,1,6966.0,1,7932.0,1,4511.0,1,0.0,1,6080.0,1,4339.0,1,5298.0,6221.3315,5752.6147,-870.0
166,2013-11-23,6763.0,922.0,1.0,0.0,0,0.0,6.0,-0.65282214,0.75751126,-0.5,0.8660254,4,0,0,1,5505.0,1,6096.0,1,7000.0,1,4893.0,1,4620.0,1,5389.0,1,5355.0,1,5446.0,5934.799,5697.5894,-591.0
166,2013-11-24,0.0,0.0,0.0,0.0,0,0.0,7.0,-0.65282214,0.75751126,-0.5,0.8660254,4,0,0,1,6763.0,1,5505.0,1,6966.0,1,6524.0,1,4774.0,1,6212.0,1,6457.0,1,0.0,6266.0796,5934.347,1258.0
166,2013-11-25,4985.0,808.0,1.0,0.0,0,0.0,1.0,-0.55864674,0.82940567,-0.5,0.8660254,4,0,0,1,0.0,1,6763.0,1,6096.0,1,0.0,1,4401.0,1,6242.0,1,0.0,1,7279.0,3759.6477,4615.6035,-6763.0
166,2013-11-26,5580.0,832.0,1.0,0.0,0,0.0,2.0,-0.55864674,0.82940567,-0.5,0.8660254,4,0,0,1,4985.0,1,0.0,1,5505.0,1,7932.0,1,4511.0,1,0.0,1,6953.0,1,6823.0,4249.7886,4697.6914,4985.0
166,2013-11-27,5185.0,759.0,1.0,0.0,0,0.0,3.0,-0.55864674,0.82940567,-0.5,0.8660254,4,0,0,1,5580.0,1,4985.0,1,6763.0,1,7000.0,1,4893.0,1,4620.0,1,0.0,1,0.0,4781.873,4893.7603,595.0
166,2013-11-28,6732.0,903.0,1.0,0.0,0,0.0,4.0,-0.55864674,0.82940567,-0.5,0.8660254,4,0,0,1,5185.0,1,5580.0,1,0.0,1,6966.0,1,6524.0,1,4774.0,1,6372.0,1,8643.0,4943.124,4958.48,-395.0
166,2013-11-29,7209.0,910.0,1.0,0.0,0,0.0,5.0,-0.55864674,0.82940567,-0.5,0.8660254,4,0,0,1,6732.0,1,5185.0,1,4985.0,1,6096.0,1,0.0,1,4401.0,1,7110.0,1,6671.0,5658.6743,5352.5957,1547.0
166,2013-11-30,8377.0,1207.0,1.0,0.0,0,0.0,6.0,-0.55864674,0.82940567,-0.5,0.8660254,4,0,1,1,7209.0,1,6732.0,1,5580.0,1,5505.0,1,7932.0,1,4511.0,1,6080.0,1,6397.0,6278.8047,5765.13,477.0
166,2013-12-01,0.0,0.0,0.0,0.0,0,0.0,7.0,-0.55864674,0.82940567,-2.4492937e-16,1.0,4,1,0,1,8377.0,1,7209.0,1,5185.0,1,6763.0,1,7000.0,1,4893.0,1,5389.0,1,6239.0,7118.0825,6345.5454,1168.0
166,2013-12-02,9997.0,1227.0,1.0,1.0,0,0.0,1.0,-0.45662925,0.8896571,-2.4492937e-16,1.0,4,0,0,1,0.0,1,8377.0,1,6732.0,1,0.0,1,6966.0,1,6524.0,1,6212.0,1,4686.0,4270.8496,4935.4243,-8377.0
166,2013-12-03,9457.0,1146.0,1.0,1.0,0,0.0,2.0,-0.45662925,0.8896571,-2.4492937e-16,1.0,4,0,0,1,9997.0,1,0.0,1,7209.0,1,4985.0,1,6096.0,1,0.0,1,6242.0,1,5760.0,6561.3096,6060.2188,9997.0
166,2013-12-04,8711.0,1060.0,1.0,1.0,0,0.0,3.0,-0.45662925,0.8896571,-2.4492937e-16,1.0,4,0,0,1,9457.0,1,9997.0,1,8377.0,1,5580.0,1,5505.0,1,7932.0,1,0.0,1,0.0,7719.586,6815.059,-540.0
166,2013-12-05,7090.0,877.0,1.0,1.0,0,0.0,4.0,-0.45662925,0.8896571,-2.4492937e-16,1.0,4,0,0,1,8711.0,1,9457.0,1,0.0,1,5185.0,1,6763.0,1,7000.0,1,4620.0,1,4607.0,8116.1514,7236.3794,-746.0
166,2013-12-06,6541.0,846.0,1.0,1.0,0,0.0,5.0,-0.45662925,0.8896571,-2.4492937e-16,1.0,4,0,0,1,7090.0,1,8711.0,1,9997.0,1,6732.0,1,0.0,1,6966.0,1,4774.0,1,3902.0,7705.691,7203.8506,-1621.0
166,2013-12-07,8632.0,1216.0,1.0,0.0,0,0.0,6.0,-0.45662925,0.8896571,-2.4492937e-16,1.0,4,0,0,1,6541.0,1,7090.0,1,9457.0,1,7209.0,1,4985.0,1,6096.0,1,4401.0,1,4237.0,7239.8145,7056.5503,-549.0
166,2013-12-08,0.0,0.0,0.0,0.0,0,0.0,7.0,-0.45662925,0.8896571,-2.4492937e-16,1.0,4,0,0,1,8632.0,1,6541.0,1,8711.0,1,8377.0,1,5580.0,1,5505.0,1,4511.0,1,4546.0,7796.689,7406.6504,2091.0
166,2013-12-09,5647.0,819.0,1.0,0.0,0,0.0,1.0,-0.34820163,0.93741965,-2.4492937e-16,1.0,4,0,0,1,0.0,1,8632.0,1,7090.0,1,0.0,1,5185.0,1,6763.0,1,4893.0,1,4554.0,4678.013,5760.728,-8632.0
166,2013-12-10,7357.0,1034.0,1.0,0.0,0,0.0,2.0,-0.34820163,0.93741965,-2.4492937e-16,1.0,4,0,0,1,5647.0,1,0.0,1,6541.0,1,9997.0,1,6732.0,1,0.0,1,6524.0,1,5347.0,5065.608,5735.455,5647.0
166,2013-12-11,7651.0,1032.0,1.0,0.0,0,0.0,3.0,-0.34820163,0.93741965,-2.4492937e-16,1.0,4,0,0,1,7357.0,1,5647.0,1,8632.0,1,9457.0,1,7209.0,1,4985.0,1,0.0,1,0.0,5982.1646,6095.7983,1710.0
166,2013-12-12,7193.0,1041.0,1.0,0.0,0,0.0,4.0,-0.34820163,0.93741965,-2.4492937e-16,1.0,4,0,0,1,7651.0,1,7357.0,1,0.0,1,8711.0,1,8377.0,1,5580.0,1,7932.0,1,7526.0,6649.6987,6441.399,294.0
166,2013-12-13,7790.0,1105.0,1.0,0.0,0,0.0,5.0,-0.34820163,0.93741965,-2.4492937e-16,1.0,4,0,0,1,7193.0,1,7651.0,1,5647.0,1,7090.0,1,0.0,1,5185.0,1,7000.0,1,6587.0,6867.0195,6608.4214,-458.0
166,2013-12-14,9905.0,1353.0,1.0,0.0,0,0.0,6.0,-0.34820163,0.93741965,-2.4492937e-16,1.0,4,0,0,1,7790.0,1,7193.0,1,7357.0,1,6541.0,1,9997.0,1,6732.0,1,6966.0,1,5476.0,7236.2114,6870.994,597.0
166,2013-12-15,0.0,0.0,0.0,0.0,0,0.0,7.0,-0.34820163,0.93741965,-2.4492937e-16,1.0,4,0,0,1,9905.0,1,7790.0,1,7651.0,1,8632.0,1,9457.0,1,7209.0,1,6096.0,1,5975.0,8303.727,7545.218,2115.0
166,2013-12-16,14001.0,1504.0,1.0,1.0,0,0.0,1.0,-0.23488605,0.9720229,-2.4492937e-16,1.0,4,0,0,1,0.0,1,9905.0,1,7193.0,1,0.0,1,8711.0,1,8377.0,1,5505.0,1,5173.0,4982.2363,5868.503,-9905.0
166,2013-12-17,12880.0,1438.0,1.0,1.0,0,0.0,2.0,-0.23488605,0.9720229,-2.4492937e-16,1.0,4,0,0,1,14001.0,1,0.0,1,7790.0,1,5647.0,1,7090.0,1,0.0,1,6763.0,1,4907.0,8589.742,7675.724,14001.0
166,2013-12-18,12653.0,1490.0,1.0,1.0,0,0.0,3.0,-0.23488605,0.9720229,-2.4492937e-16,1.0,4,0,0,1,12880.0,1,14001.0,1,9905.0,1,7357.0,1,6541.0,1,9997.0,1,0.0,1,0.0,10305.845,8832.23,-1121.0
166,2013-12-19,11494.0,1350.0,1.0,1.0,0,0.0,4.0,-0.23488605,0.9720229,-2.4492937e-16,1.0,4,0,0,1,12653.0,1,12880.0,1,0.0,1,7651.0,1,8632.0,1,9457.0,1,4985.0,1,3866.0,11244.707,9681.29,-227.0
166,2013-12-20,12449.0,1530.0,1.0,1.0,0,0.0,5.0,-0.23488605,0.9720229,-2.4492937e-16,1.0,4,0,0,1,11494.0,1,12653.0,1,14001.0,1,7193.0,1,0.0,1,8711.0,1,5580.0,1,4339.0,11344.424,10084.114,-1159.0
166,2013-12-21,12393.0,1666.0,1.0,0.0,0,0.0,6.0,-0.23488605,0.9720229,-2.4492937e-16,1.0,4,0,0,1,12449.0,1,11494.0,1,12880.0,1,7790.0,1,5647.0,1,7090.0,1,5185.0,1,5355.0,11786.255,10609.645,955.0
166,2013-12-22,0.0,0.0,0.0,0.0,0,0.0,7.0,-0.23488605,0.9720229,-2.4492937e-16,1.0,4,0,0,1,12393.0,1,12449.0,1,12653.0,1,9905.0,1,7357.0,1,6541.0,1,6732.0,1,6457.0,12028.953,11005.945,-56.0
166,2013-12-23,16335.0,2094.0,1.0,0.0,0,1.0,1.0,-0.11827317,0.9929811,-2.4492937e-16,1.0,4,0,0,1,0.0,1,12393.0,1,11494.0,1,0.0,1,7651.0,1,8632.0,1,7209.0,1,0.0,7217.3716,8560.18,-12393.0
166,2013-12-24,3690.0,488.0,1.0,0.0,0,1.0,2.0,-0.11827317,0.9929811,-2.4492937e-16,1.0,4,0,0,1,16335.0,1,0.0,1,12449.0,1,14001.0,1,7193.0,1,0.0,1,8377.0,1,6953.0,10864.423,10287.918,16335.0
166,2013-12-25,0.0,0.0,0.0,0.0,3,1.0,3.0,-0.11827317,0.9929811,-2.4492937e-16,1.0,4,0,0,1,3690.0,1,16335.0,1,12393.0,1,12880.0,1,7790.0,1,5647.0,1,0.0,1,0.0,7994.654,8821.714,-12645.0
166,2013-12-26,0.0,0.0,0.0,0.0,3,1.0,4.0,-0.11827317,0.9929811,-2.4492937e-16,1.0,4,0,0,1,0.0,1,3690.0,1,0.0,1,12653.0,1,9905.0,1,7357.0,1,9997.0,1,6372.0,4796.7925,6861.333,-3690.0
166,2013-12-27,8528.0,1279.0,1.0,0.0,0,1.0,5.0,-0.11827317,0.9929811,-2.4492937e-16,1.0,4,0,0,1,0.0,1,0.0,1,16335.0,1,11494.0,1,0.0,1,7651.0,1,9457.0,1,7110.0,2878.0754,5336.5923,0.0
166,2013-12-28,6923.0,993.0,1.0,0.0,0,0.0,6.0,-0.11827317,0.9929811,-2.4492937e-16,1.0,4,0,0,1,8528.0,1,0.0,1,3690.0,1,12449.0,1,14001.0,1,7193.0,1,8711.0,1,6080.0,5138.0454,6045.794,8528.0
166,2013-12-29,0.0,0.0,0.0,0.0,0,0.0,7.0,-0.11827317,0.9929811,-2.4492937e-16,1.0,4,0,0,1,6923.0,1,8528.0,1,0.0,1,12393.0,1,12880.0,1,7790.0,1,7090.0,1,5389.0,5852.0273,6240.7285,-1605.0
166,2013-12-30,10938.0,1449.0,1.0,0.0,0,1.0,1.0,0.11827317,0.9929811,-2.4492937e-16,1.0,4,0,0,1,0.0,1,6923.0,1,0.0,1,0.0,1,12653.0,1,9905.0,1,6541.0,1,6212.0,3511.2163,4853.9,-6923.0
166,2013-12-31,3845.0,500.0,1.0,0.0,0,1.0,2.0,0.11827317,0.9929811,-2.4492937e-16,1.0,4,0,1,1,10938.0,1,0.0,1,8528.0,1,16335.0,1,11494.0,1,0.0,1,8632.0,1,6242.0,6481.9297,6205.9224,10938.0
166,2014-01-01,0.0,0.0,0.0,0.0,1,1.0,3.0,0.11827317,0.9929811,0.5,0.8660254,1,1,0,1,3845.0,1,10938.0,1,6923.0,1,3690.0,1,12449.0,1,14001.0,1,0.0,1,0.0,5427.1577,5681.273,-7093.0
166,2014-01-02,6257.0,1010.0,1.0,0.0,0,1.0,4.0,0.11827317,0.9929811,0.5,0.8660254,1,0,0,1,0.0,1,3845.0,1,0.0,1,0.0,1,12393.0,1,12880.0,1,5647.0,1,4620.0,3256.2947,4418.7676,-3845.0
166,2014-01-03,6422.0,936.0,1.0,0.0,0,1.0,5.0,0.11827317,0.9929811,0.5,0.8660254,1,0,0,1,6257.0,1,0.0,1,10938.0,1,0.0,1,0.0,1,12653.0,1,7357.0,1,4774.0,4456.5767,4827.2637,6257.0
166,2014-01-04,6163.0,914.0,1.0,0.0,0,0.0,6.0,0.11827317,0.9929811,0.5,0.8660254,1,0,0,1,6422.0,1,6257.0,1,3845.0,1,8528.0,1,16335.0,1,11494.0,1,7651.0,1,4401.0,5242.746,5181.65,165.0
166,2014-01-05,0.0,0.0,0.0,0.0,0,0.0,7.0,0.11827317,0.9929811,0.5,0.8660254,1,0,0,1,6163.0,1,6422.0,1,0.0,1,6923.0,1,3690.0,1,12449.0,1,7193.0,1,4511.0,5610.8477,5399.7275,-259.0
166,2014-01-06,8785.0,1035.0,1.0,1.0,0,1.0,1.0,0.23488605,0.9720229,0.5,0.8660254,1,0,0,1,0.0,1,6163.0,1,6257.0,1,0.0,1,0.0,1,12393.0,1,7790.0,1,4893.0,3366.5085,4199.788,-6163.0
166,2014-01-07,7921.0,1005.0,1.0,1.0,0,1.0,2.0,0.23488605,0.9720229,0.5,0.8660254,1,0,0,1,8785.0,1,0.0,1,6422.0,1,10938.0,1,0.0,1,0.0,1,9905.0,1,6524.0,5533.9053,5218.724,8785.0
166,2014-01-08,6228.0,806.0,1.0,1.0,0,0.0,3.0,0.23488605,0.9720229,0.5,0.8660254,1,0,0,1,7921.0,1,8785.0,1,6163.0,1,3845.0,1,8528.0,1,16335.0,1,0.0,1,0.0,6488.743,5819.23,-864.0
166,2014-01-09,6133.0,811.0,1.0,1.0,0,0.0,4.0,0.23488605,0.9720229,0.5,0.8660254,1,0,0,1,6228.0,1,7921.0,1,0.0,1,0.0,1,6923.0,1,3690.0,1,14001.0,1,7932.0,6384.446,5910.068,-1693.0
166,2014-01-10,6647.0,870.0,1.0,1.0,0,0.0,5.0,0.23488605,0.9720229,0.5,0.8660254,1,0,0,1,6133.0,1,6228.0,1,8785.0,1,6257.0,1,0.0,1,0.0,1,12880.0,1,7000.0,6283.8677,5959.6084,-95.0
166,2014-01-11,5780.0,830.0,1.0,0.0,0,0.0,6.0,0.23488605,0.9720229,0.5,0.8660254,1,0,0,1,6647.0,1,6133.0,1,7921.0,1,6422.0,1,10938.0,1,0.0,1,12653.0,1,6966.0,6429.1206,6112.362,514.0
166,2014-01-12,0.0,0.0,0.0,0.0,0,0.0,7.0,0.23488605,0.9720229,0.5,0.8660254,1,0,0,1,5780.0,1,6647.0,1,6228.0,1,6163.0,1,3845.0,1,8528.0,1,11494.0,1,6096.0,6169.472,6038.504,-867.0
166,2014-01-13,4527.0,709.0,1.0,0.0,0,0.0,1.0,0.34820163,0.93741965,0.5,0.8660254,1,0,0,1,0.0,1,5780.0,1,6133.0,1,0.0,1,0.0,1,6923.0,1,12449.0,1,5505.0,3701.6833,4696.614,-5780.0
166,2014-01-14,5263.0,753.0,1.0,0.0,0,0.0,2.0,0.34820163,0.93741965,0.5,0.8660254,1,0,0,1,4527.0,1,0.0,1,6647.0,1,8785.0,1,6257.0,1,0.0,1,12393.0,1,6763.0,4031.81,4658.922,4527.0
166,2014-01-15,4413.0,695.0,1.0,0.0,0,0.0,3.0,0.34820163,0.93741965,0.5,0.8660254,1,0,0,1,5263.0,1,4527.0,1,5780.0,1,7921.0,1,6422.0,1,10938.0,1,0.0,1,0.0,4524.286,4793.1616,736.0
166,2014-01-16,4423.0,683.0,1.0,0.0,0,0.0,4.0,0.34820163,0.93741965,0.5,0.8660254,1,0,0,1,4413.0,1,5263.0,1,0.0,1,6228.0,1,6163.0,1,3845.0,1,16335.0,1,4985.0,4479.7715,4708.681,-850.0
166,2014-01-17,5046.0,746.0,1.0,0.0,0,0.0,5.0,0.34820163,0.93741965,0.5,0.8660254,1,0,0,1,4423.0,1,4413.0,1,4527.0,1,6133.0,1,0.0,1,0.0,1,3690.0,1,5580.0,4457.063,4645.1963,10.0
166,2014-01-18,6085.0,895.0,1.0,0.0,0,0.0,6.0,0.34820163,0.93741965,0.5,0.8660254,1,0,0,1,5046.0,1,4423.0,1,5263.0,1,6647.0,1,8785.0,1,6257.0,1,0.0,1,5185.0,4692.6377,4734.264,623.0
166,2014-01-19,0.0,0.0,0.0,0.0,0,0.0,7.0,0.34820163,0.93741965,0.5,0.8660254,1,0,0,1,6085.0,1,5046.0,1,4413.0,1,5780.0,1,7921.0,1,6422.0,1,0.0,1,6732.0,5249.5825,5034.4277,1039.0
166,2014-01-20,7807.0,913.0,1.0,1.0,0,0.0,1.0,0.45662925,0.8896571,0.5,0.8660254,1,0,0,1,0.0,1,6085.0,1,4423.0,1,0.0,1,6228.0,1,6163.0,1,8528.0,1,7209.0,3149.7495,3915.6658,-6085.0
166,2014-01-21,6124.0,786.0,1.0,1.0,0,0.0,2.0,0.45662925,0.8896571,0.5,0.8660254,1,0,0,1,7807.0,1,0.0,1,5046.0,1,4527.0,1,6133.0,1,0.0,1,6923.0,1,8377.0,5012.65,4780.4067,7807.0
166,2014-01-22,6046.0,769.0,1.0,1.0,0,0.0,3.0,0.45662925,0.8896571,0.5,0.8660254,1,0,0,1,6124.0,1,7807.0,1,6085.0,1,5263.0,1,6647.0,1,8785.0,1,0.0,1,0.0,5457.19,5078.983,-1683.0
166,2014-01-23,5798.0,796.0,1.0,1.0,0,0.0,4.0,0.45662925,0.8896571,0.5,0.8660254,1,0,0,1,6046.0,1,6124.0,1,0.0,1,4413.0,1,5780.0,1,7921.0,1,10938.0,1,9997.0,5692.714,5293.8755,-78.0
166,2014-01-24,5300.0,696.0,1.0,1.0,0,0.0,5.0,0.45662925,0.8896571,0.5,0.8660254,1,0,0,1,5798.0,1,6046.0,1,7807.0,1,4423.0,1,0.0,1,6228.0,1,3845.0,1,9457.0,5734.828,5405.9033,-248.0
166,2014-01-25,5591.0,812.0,1.0,0.0,0,0.0,6.0,0.45662925,0.8896571,0.5,0.8660254,1,0,0,1,5300.0,1,5798.0,1,6124.0,1,5046.0,1,4527.0,1,6133.0,1,0.0,1,8711.0,5560.897,5382.369,-498.0
166,2014-01-26,0.0,0.0,0.0,0.0,0,0.0,7.0,0.45662925,0.8896571,0.5,0.8660254,1,0,0,1,5591.0,1,5300.0,1,6046.0,1,6085.0,1,5263.0,1,6647.0,1,6257.0,1,7090.0,5572.938,5428.7314,291.0
166,2014-01-27,4029.0,620.0,1.0,0.0,0,0.0,1.0,0.55864674,0.82940567,0.5,0.8660254,1,0,0,1,0.0,1,5591.0,1,5798.0,1,0.0,1,4413.0,1,5780.0,1,6422.0,1,6541.0,3343.763,4222.3467,-5591.0
166,2014-01-28,4755.0,686.0,1.0,0.0,0,0.0,2.0,0.55864674,0.82940567,0.5,0.8660254,1,0,0,1,4029.0,1,0.0,1,5300.0,1,7807.0,1,4423.0,1,0.0,1,6163.0,1,8632.0,3617.8577,4179.381,4029.0
166,2014-01-29,4747.0,677.0,1.0,0.0,0,0.0,3.0,0.55864674,0.82940567,0.5,0.8660254,1,0,0,1,4755.0,1,4029.0,1,5591.0,1,6124.0,1,5046.0,1,4527.0,1,0.0,1,0.0,4072.7146,4307.2964,726.0
166,2014-01-30,4922.0,764.0,1.0,0.0,0,0.0,4.0,0.55864674,0.82940567,0.5,0.8660254,1,0,0,1,4747.0,1,4755.0,1,0.0,1,6046.0,1,6085.0,1,5263.0,1,8785.0,1,5647.0,4342.4287,4405.0083,-8.0
166,2014-01-31,7481.0,949.0,1.0,0.0,0,0.0,5.0,0.55864674,0.82940567,0.5,0.8660254,1,0,1,1,4922.0,1,4747.0,1,4029.0,1,5798.0,1,0.0,1,4413.0,1,7921.0,1,7357.0,4574.2573,4519.895,175.0
166,2014-02-01,6203.0,807.0,1.0,0.0,0,0.0,6.0,0.55864674,0.82940567,0.8660254,0.5,1,1,0,1,7481.0,1,4922.0,1,4755.0,1,5300.0,1,7807.0,1,4423.0,1,6228.0,1,7651.0,5736.9546,5177.9185,2559.0
166,2014-02-02,0.0,0.0,0.0,0.0,0,0.0,7.0,0.55864674,0.82940567,0.8660254,0.5,1,0,0,1,6203.0,1,7481.0,1,4747.0,1,5591.0,1,6124.0,1,5046.0,1,6133.0,1,7193.0,5923.3726,5405.7144,-1278.0
166,2014-02-03,9288.0,1062.0,1.0,1.0,0,0.0,1.0,0.65282214,0.75751126,0.8660254,0.5,1,0,0,1,0.0,1,6203.0,1,4922.0,1,0.0,1,6046.0,1,6085.0,1,6647.0,1,7790.0,3554.0237,4204.4443,-6203.0
166,2014-02-04,7884.0,930.0,1.0,1.0,0,0.0,2.0,0.65282214,0.75751126,0.8660254,0.5,1,0,0,1,9288.0,1,0.0,1,7481.0,1,4029.0,1,5798.0,1,0.0,1,5780.0,1,9905.0,5847.6143,5334.1235,9288.0
166,2014-02-05,7107.0,888.0,1.0,1.0,0,0.0,3.0,0.65282214,0.75751126,0.8660254,0.5,1,0,0,1,7884.0,1,9288.0,1,6203.0,1,4755.0,1,5300.0,1,7807.0,1,0.0,1,0.0,6662.1685,5900.7627,-1404.0
166,2014-02-06,6889.0,910.0,1.0,1.0,0,0.0,4.0,0.65282214,0.75751126,0.8660254,0.5,1,0,0,1,7107.0,1,7884.0,1,0.0,1,4747.0,1,5591.0,1,6124.0,1,4527.0,1,14001.0,6840.101,6168.8154,-777.0
166,2014-02-07,6126.0,840.0,1.0,1.0,0,0.0,5.0,0.65282214,0.75751126,0.8660254,0.5,1,0,0,1,6889.0,1,7107.0,1,9288.0,1,4922.0,1,0.0,1,6046.0,1,5263.0,1,12880.0,6859.6606,6328.8564,-218.0
166,2014-02-08,5777.0,814.0,1.0,0.0,0,0.0,6.0,0.65282214,0.75751126,0.8660254,0.5,1,0,0,1,6126.0,1,6889.0,1,7884.0,1,7481.0,1,4029.0,1,5798.0,1,4413.0,1,12653.0,6566.1963,6283.7773,-763.0
166,2014-02-09,0.0,0.0,0.0,0.0,0,0.0,7.0,0.65282214,0.75751126,0.8660254,0.5,1,0,0,1,5777.0,1,6126.0,1,7107.0,1,6203.0,1,4755.0,1,5300.0,1,4423.0,1,11494.0,6250.518,6171.16,-349.0
166,2014-02-10,5194.0,808.0,1.0,0.0,0,0.0,1.0,0.73783326,0.674983,0.8660254,0.5,1,0,0,1,0.0,1,5777.0,1,6889.0,1,0.0,1,4747.0,1,5591.0,1,5046.0,1,12449.0,3750.3108,4799.791,-5777.0
166,2014-02-11,4777.0,739.0,1.0,0.0,0,0.0,2.0,0.73783326,0.674983,0.8660254,0.5,1,0,0,1,5194.0,1,0.0,1,6126.0,1,9288.0,1,4922.0,1,0.0,1,6085.0,1,12393.0,4327.7866,4887.393,5194.0
166,2014-02-12,5363.0,808.0,1.0,0.0,0,0.0,3.0,0.73783326,0.674983,0.8660254,0.5,1,0,0,1,4777.0,1,5194.0,1,5777.0,1,7884.0,1,7481.0,1,4029.0,1,0.0,1,0.0,4507.4717,4862.8613,-417.0
166,2014-02-13,4457.0,682.0,1.0,0.0,0,0.0,4.0,0.73783326,0.674983,0.8660254,0.5,1,0,0,1,5363.0,1,4777.0,1,0.0,1,7107.0,1,6203.0,1,4755.0,1,7807.0,1,16335.0,4849.683,4974.0034,586.0
166,2014-02-14,5632.0,839.0,1.0,0.0,0,0.0,5.0,0.73783326,0.674983,0.8660254,0.5,1,0,0,1,4457.0,1,5363.0,1,5194.0,1,6889.0,1,0.0,1,4747.0,1,6124.0,1,3690.0,4692.61,4859.114,-906.0
166,2014-02-15,5910.0,876.0,1.0,0.0,0,0.0,6.0,0.73783326,0.674983,0.8660254,0.5,1,0,0,1,5632.0,1,4457.0,1,4777.0,1,6126.0,1,9288.0,1,4922.0,1,6046.0,1,0.0,5068.3657,5030.866,1175.0
166,2014-02-16,0.0,0.0,0.0,0.0,0,0.0,7.0,0.73783326,0.674983,0.8660254,0.5,1,0,0,1,5910.0,1,5632.0,1,5363.0,1,5777.0,1,7884.0,1,7481.0,1,5798.0,1,0.0,5405.0195,5226.229,278.0
166,2014-02-17,7870.0,934.0,1.0,1.0,0,0.0,1.0,0.8124869,0.5829795,0.8660254,0.5,1,0,0,1,0.0,1,5910.0,1,4457.0,1,0.0,1,7107.0,1,6203.0,1,5300.0,1,8528.0,3243.0117,4064.845,-5910.0
166,2014-02-18,7356.0,894.0,1.0,1.0,0,0.0,2.0,0.8124869,0.5829795,0.8660254,0.5,1,0,0,1,7870.0,1,0.0,1,5632.0,1,5194.0,1,6889.0,1,0.0,1,5591.0,1,6923.0,5093.807,4910.435,7870.0
166,2014-02-19,5676.0,748.0,1.0,1.0,0,0.0,3.0,0.8124869,0.5829795,0.8660254,0.5,1,0,0,1,7356.0,1,7870.0,1,5910.0,1,4777.0,1,6126.0,1,9288.0,1,0.0,1,0.0,5998.684,5453.894,-514.0
166,2014-02-20,6210.0,887.0,1.0,1.0,0,0.0,4.0,0.8124869,0.5829795,0.8660254,0.5,1,0,0,1,5676.0,1,7356.0,1,0.0,1,5363.0,1,5777.0,1,7884.0,1,4029.0,1,10938.0,5869.6104,5503.251,-1680.0
166,2014-02-21,6780.0,844.0,1.0,1.0,0,0.0,5.0,0.8124869,0.5829795,0.8660254,0.5,1,0,0,1,6210.0,1,5676.0,1,7870.0,1,4457.0,1,0.0,1,7107.0,1,4755.0,1,3845.0,6005.766,5660.306,534.0
166,2014-02-22,5902.0,871.0,1.0,0.0,0,0.0,6.0,0.8124869,0.5829795,0.8660254,0.5,1,0,0,1,6780.0,1,6210.0,1,7356.0,1,5632.0,1,5194.0,1,6889.0,1,4747.0,1,0.0,6315.46,5909.127,570.0
166,2014-02-23,0.0,0.0,0.0,0.0,0,0.0,7.0,0.8124869,0.5829795,0.8660254,0.5,1,0,0,1,5902.0,1,6780.0,1,5676.0,1,5910.0,1,4777.0,1,6126.0,1,4922.0,1,6257.0,6150.0757,5907.5435,-878.0
166,2014-02-24,5025.0,809.0,1.0,0.0,0,0.0,1.0,0.8757349,0.4827922,0.8660254,0.5,1,0,0,1,0.0,1,5902.0,1,6210.0,1,0.0,1,5363.0,1,5777.0,1,7481.0,1,6422.0,3690.0454,4594.756,-5902.0
166,2014-02-25,4350.0,705.0,1.0,0.0,0,0.0,2.0,0.8757349,0.4827922,0.8660254,0.5,1,0,0,1,5025.0,1,0.0,1,6780.0,1,7870.0,1,4457.0,1,0.0,1,6203.0,1,6163.0,4224.0273,4690.3657,5025.0
166,2014-02-26,4604.0,708.0,1.0,0.0,0,0.0,3.0,0.8757349,0.4827922,0.8660254,0.5,1,0,0,1,4350.0,1,5025.0,1,5902.0,1,7356.0,1,5632.0,1,5194.0,1,0.0,1,0.0,4274.4165,4614.729,-675.0
166,2014-02-27,5211.0,782.0,1.0,0.0,0,0.0,4.0,0.8757349,0.4827922,0.8660254,0.5,1,0,0,1,4604.0,1,4350.0,1,0.0,1,5676.0,1,5910.0,1,4777.0,1,9288.0,1,8785.0,4406.25,4612.3447,254.0
166,2014-02-28,6184.0,857.0,1.0,0.0,0,0.0,5.0,0.8757349,0.4827922,0.8660254,0.5,1,0,1,1,5211.0,1,4604.0,1,5025.0,1,6210.0,1,0.0,1,5363.0,1,7884.0,1,7921.0,4728.15,4745.3794,607.0
166,2014-03-01,6710.0,963.0,1.0,0.0,0,0.0,6.0,0.8757349,0.4827922,1.0,6.123234e-17,1,1,0,1,6184.0,1,5211.0,1,4350.0,1,6780.0,1,7870.0,1,4457.0,1,7107.0,1,6228.0,5310.4897,5065.0728,973.0
166,2014-03-02,0.0,0.0,0.0,0.0,0,0.0,7.0,0.8757349,0.4827922,1.0,6.123234e-17,1,0,0,1,6710.0,1,6184.0,1,4604.0,1,5902.0,1,7356.0,1,5632.0,1,6889.0,1,6133.0,5870.294,5430.6123,526.0
166,2014-03-03,8731.0,1087.0,1.0,1.0,0,0.0,1.0,0.9266896,0.37582758,1.0,6.123234e-17,1,0,0,1,0.0,1,6710.0,1,5211.0,1,0.0,1,5676.0,1,5910.0,1,6126.0,1,6647.0,3522.1763,4223.8096,-6710.0
166,2014-03-04,7489.0,992.0,1.0,1.0,0,0.0,2.0,0.9266896,0.37582758,1.0,6.123234e-17,1,0,0,1,8731.0,1,0.0,1,6184.0,1,5025.0,1,6210.0,1,0.0,1,5777.0,1,5780.0,5605.706,5225.407,8731.0
166,2014-03-05,6376.0,854.0,1.0,1.0,0,0.0,3.0,0.9266896,0.37582758,1.0,6.123234e-17,1,0,0,1,7489.0,1,8731.0,1,6710.0,1,4350.0,1,6780.0,1,7870.0,1,0.0,1,0.0,6359.0234,5728.4277,-1242.0
166,2014-03-06,7114.0,924.0,1.0,1.0,0,0.0,4.0,0.9266896,0.37582758,1.0,6.123234e-17,1,0,0,1,6376.0,1,7489.0,1,0.0,1,4604.0,1,5902.0,1,7356.0,1,5194.0,1,4527.0,6365.814,5872.333,-1113.0
166,2014-03-07,6723.0,919.0,1.0,1.0,0,0.0,5.0,0.9266896,0.37582758,1.0,6.123234e-17,1,0,0,1,7114.0,1,6376.0,1,8731.0,1,5211.0,1,0.0,1,5676.0,1,4777.0,1,5263.0,6665.0884,6148.259,738.0
166,2014-03-08,5895.0,914.0,1.0,0.0,0,0.0,6.0,0.9266896,0.37582758,1.0,6.123234e-17,1,0,0,1,6723.0,1,7114.0,1,7489.0,1,6184.0,1,5025.0,1,6210.0,1,5363.0,1,4413.0,6688.253,6275.979,-391.0
166,2014-03-09,0.0,0.0,0.0,0.0,0,0.0,7.0,0.9266896,0.37582758,1.0,6.123234e-17,1,0,0,1,5895.0,1,6723.0,1,6376.0,1,6710.0,1,4350.0,1,6780.0,1,4457.0,1,4423.0,6370.9517,6191.317,-828.0
166,2014-03-10,4803.0,749.0,1.0,0.0,0,0.0,1.0,0.9646356,0.26358718,1.0,6.123234e-17,1,0,0,1,0.0,1,5895.0,1,7114.0,1,0.0,1,4604.0,1,5902.0,1,5632.0,1,5046.0,3822.571,4815.4688,-5895.0
166,2014-03-11,4283.0,706.0,1.0,0.0,0,0.0,2.0,0.9646356,0.26358718,1.0,6.123234e-17,1,0,0,1,4803.0,1,0.0,1,6723.0,1,8731.0,1,5211.0,1,0.0,1,5910.0,1,6085.0,4214.7427,4812.6978,4803.0
166,2014-03-12,4909.0,785.0,1.0,0.0,0,0.0,3.0,0.9646356,0.26358718,1.0,6.123234e-17,1,0,0,1,4283.0,1,4803.0,1,5895.0,1,7489.0,1,6184.0,1,5025.0,1,0.0,1,0.0,4242.0454,4694.9873,-520.0
166,2014-03-13,5075.0,772.0,1.0,0.0,0,0.0,4.0,0.9646356,0.26358718,1.0,6.123234e-17,1,0,0,1,4909.0,1,4283.0,1,0.0,1,6376.0,1,6710.0,1,4350.0,1,7870.0,1,7807.0,4508.827,4742.546,626.0
166,2014-03-14,4860.0,702.0,1.0,0.0,0,0.0,5.0,0.9646356,0.26358718,1.0,6.123234e-17,1,0,0,1,5075.0,1,4909.0,1,4803.0,1,7114.0,1,0.0,1,4604.0,1,7356.0,1,6124.0,4735.2964,4816.4243,166.0
166,2014-03-15,5945.0,820.0,1.0,0.0,0,0.0,6.0,0.9646356,0.26358718,1.0,6.123234e-17,1,0,0,1,4860.0,1,5075.0,1,4283.0,1,6723.0,1,8731.0,1,5211.0,1,5676.0,1,6046.0,4785.1777,4826.108,-215.0
166,2014-03-16,0.0,0.0,0.0,0.0,0,0.0,7.0,0.9646356,0.26358718,1.0,6.123234e-17,1,0,0,1,5945.0,1,4860.0,1,4909.0,1,5895.0,1,7489.0,1,6184.0,1,6210.0,1,5798.0,5249.107,5074.7505,1085.0
166,2014-03-17,7471.0,949.0,1.0,1.0,0,0.0,1.0,0.9890402,0.14764656,1.0,6.123234e-17,1,0,0,1,0.0,1,5945.0,1,5075.0,1,0.0,1,6376.0,1,6710.0,1,6780.0,1,5300.0,3149.464,3947.0283,-5945.0
166,2014-03-18,7224.0,909.0,1.0,1.0,0,0.0,2.0,0.9890402,0.14764656,1.0,6.123234e-17,1,0,0,1,7471.0,1,0.0,1,4860.0,1,4803.0,1,7114.0,1,0.0,1,5902.0,1,5591.0,4878.0786,4730.1333,7471.0
166,2014-03-19,6433.0,841.0,1.0,1.0,0,0.0,3.0,0.9890402,0.14764656,1.0,6.123234e-17,1,0,0,1,7224.0,1,7471.0,1,5945.0,1,4283.0,1,6723.0,1,8731.0,1,0.0,1,0.0,5816.4473,5284.3257,-247.0
166,2014-03-20,6204.0,875.0,1.0,1.0,0,0.0,4.0,0.9890402,0.14764656,1.0,6.123234e-17,1,0,0,1,6433.0,1,7224.0,1,0.0,1,4909.0,1,5895.0,1,7489.0,1,5025.0,1,4029.0,6063.0684,5539.587,-791.0
166,2014-03-21,5734.0,740.0,1.0,1.0,0,0.0,5.0,0.9890402,0.14764656,1.0,6.123234e-17,1,0,0,1,6204.0,1,6433.0,1,7471.0,1,5075.0,1,0.0,1,6376.0,1,4350.0,1,4755.0,6119.441,5687.234,-229.0
166,2014-03-22,6157.0,844.0,1.0,0.0,0,0.0,6.0,0.9890402,0.14764656,1.0,6.123234e-17,1,0,0,1,5734.0,1,6204.0,1,7224.0,1,4860.0,1,4803.0,1,7114.0,1,4604.0,1,4747.0,5965.2646,5697.6265,-470.0
166,2014-03-23,0.0,0.0,0.0,0.0,0,0.0,7.0,0.9890402,0.14764656,1.0,6.123234e-17,1,0,0,1,6157.0,1,5734.0,1,6433.0,1,5945.0,1,4283.0,1,6723.0,1,5211.0,1,4922.0,6041.9585,5799.7095,423.0
166,2014-03-24,4518.0,737.0,1.0,0.0,0,0.0,1.0,0.99956083,0.029633328,1.0,6.123234e-17,1,0,0,1,0.0,1,6157.0,1,6204.0,1,0.0,1,4909.0,1,5895.0,1,6184.0,1,7481.0,3625.1753,4510.8853,-6157.0
166,2014-03-25,4680.0,706.0,1.0,0.0,0,0.0,2.0,0.99956083,0.029633328,1.0,6.123234e-17,1,0,0,1,4518.0,1,0.0,1,5734.0,1,7471.0,1,5075.0,1,0.0,1,6710.0,1,6203.0,3982.3052,4512.4663,4518.0
166,2014-03-26,3916.0,620.0,1.0,0.0,0,0.0,3.0,0.99956083,0.029633328,1.0,6.123234e-17,1,0,0,1,4680.0,1,4518.0,1,6157.0,1,7224.0,1,4860.0,1,4803.0,1,0.0,1,0.0,4261.3833,4549.696,162.0
166,2014-03-27,4319.0,641.0,1.0,0.0,0,0.0,4.0,0.99956083,0.029633328,1.0,6.123234e-17,1,0,0,1,3916.0,1,4680.0,1,0.0,1,6433.0,1,5945.0,1,4283.0,1,8731.0,1,9288.0,4123.23,4408.8745,-764.0
166,2014-03-28,4439.0,646.0,1.0,0.0,0,0.0,5.0,0.99956083,0.029633328,1.0,6.123234e-17,1,0,0,1,4319.0,1,3916.0,1,4518.0,1,6204.0,1,0.0,1,4909.0,1,7489.0,1,7884.0,4201.538,4388.9023,403.0
166,2014-03-29,5741.0,821.0,1.0,0.0,0,0.0,6.0,0.99956083,0.029633328,1.0,6.123234e-17,1,0,0,1,4439.0,1,4319.0,1,4680.0,1,5734.0,1,7471.0,1,5075.0,1,6376.0,1,7107.0,4296.523,4400.035,120.0
166,2014-03-30,0.0,0.0,0.0,0.0,0,0.0,7.0,0.99956083,0.029633328,1.0,6.123234e-17,1,0,0,1,5741.0,1,4439.0,1,3916.0,1,6157.0,1,7224.0,1,4860.0,1,7114.0,1,6889.0,4874.3135,4698.0273,1302.0
166,2014-03-31,9067.0,975.0,1.0,1.0,0,0.0,1.0,0.9960498,-0.08879589,1.0,6.123234e-17,1,0,1,1,0.0,1,5741.0,1,4319.0,1,0.0,1,6433.0,1,5945.0,1,6723.0,1,6126.0,2924.5881,3654.0212,-5741.0
166,2014-04-01,6052.0,847.0,1.0,1.0,0,0.0,2.0,0.9960498,-0.08879589,0.8660254,-0.5,2,1,0,1,9067.0,1,0.0,1,4439.0,1,4518.0,1,6204.0,1,0.0,1,5895.0,1,5777.0,5381.5527,4856.9053,9067.0
166,2014-04-02,6365.0,826.0,1.0,1.0,0,0.0,3.0,0.9960498,-0.08879589,0.8660254,-0.5,2,0,0,1,6052.0,1,9067.0,1,5741.0,1,4680.0,1,5734.0,1,7471.0,1,0.0,1,0.0,5649.732,5122.482,-3015.0
166,2014-04-03,6324.0,887.0,1.0,1.0,0,0.0,4.0,0.9960498,-0.08879589,0.8660254,-0.5,2,0,0,1,6365.0,1,6052.0,1,0.0,1,3916.0,1,6157.0,1,7224.0,1,4803.0,1,5194.0,5935.839,5398.597,313.0
166,2014-04-04,5871.0,818.0,1.0,1.0,0,0.0,5.0,0.9960498,-0.08879589,0.8660254,-0.5,2,0,0,1,6324.0,1,6365.0,1,9067.0,1,4319.0,1,0.0,1,6433.0,1,4283.0,1,4777.0,6091.1035,5604.242,-41.0
166,2014-04-05,6784.0,953.0,1.0,0.0,0,0.0,6.0,0.9960498,-0.08879589,0.8660254,-0.5,2,0,0,1,5871.0,1,6324.0,1,6052.0,1,4439.0,1,4518.0,1,6204.0,1,4909.0,1,5363.0,6003.062,5663.522,-453.0
166,2014-04-06,0.0,0.0,0.0,0.0,0,0.0,7.0,0.9960498,-0.08879589,0.8660254,-0.5,2,0,0,1,6784.0,1,5871.0,1,6365.0,1,5741.0,1,4680.0,1,5734.0,1,5075.0,1,4457.0,6315.437,5912.517,913.0
166,2014-04-07,5663.0,916.0,1.0,0.0,0,0.0,1.0,0.9785565,-0.20597862,0.8660254,-0.5,2,0,0,1,0.0,1,6784.0,1,6324.0,1,0.0,1,3916.0,1,6157.0,1,4860.0,1,5632.0,3789.2625,4598.624,-6784.0
166,2014-04-08,6324.0,952.0,1.0,0.0,0,0.0,2.0,0.9785565,-0.20597862,0.8660254,-0.5,2,0,0,1,5663.0,1,0.0,1,5871.0,1,9067.0,1,4319.0,1,0.0,1,5945.0,1,5910.0,4538.7573,4835.1523,5663.0
166,2014-04-09,6859.0,1012.0,1.0,0.0,0,0.0,3.0,0.9785565,-0.20597862,0.8660254,-0.5,2,0,0,1,6324.0,1,5663.0,1,6784.0,1,6052.0,1,4439.0,1,4518.0,1,0.0,1,0.0,5252.8545,5166.0073,661.0
166,2014-04-10,4314.0,702.0,1.0,0.0,0,0.0,4.0,0.9785565,-0.20597862,0.8660254,-0.5,2,0,0,1,6859.0,1,6324.0,1,0.0,1,6365.0,1,5741.0,1,4680.0,1,7471.0,1,7870.0,5895.3125,5542.228,535.0
166,2014-04-11,4310.0,662.0,1.0,0.0,0,0.0,5.0,0.9785565,-0.20597862,0.8660254,-0.5,2,0,0,1,4314.0,1,6859.0,1,5663.0,1,6324.0,1,0.0,1,3916.0,1,7224.0,1,7356.0,5262.7876,5269.2886,-2545.0
166,2014-04-12,5088.0,762.0,1.0,0.0,0,0.0,6.0,0.9785565,-0.20597862,0.8660254,-0.5,2,0,0,1,4310.0,1,4314.0,1,6324.0,1,5871.0,1,9067.0,1,4319.0,1,6433.0,1,5676.0,4881.6724,5056.1133,-4.0
166,2014-04-13,0.0,0.0,0.0,0.0,0,0.0,7.0,0.9785565,-0.20597862,0.8660254,-0.5,2,0,0,1,5088.0,1,4310.0,1,6859.0,1,6784.0,1,6052.0,1,4439.0,1,6204.0,1,6210.0,4964.2036,5063.199,778.0
166,2014-04-14,6800.0,915.0,1.0,1.0,0,1.0,1.0,0.94732636,-0.32026985,0.8660254,-0.5,2,0,0,1,0.0,1,5088.0,1,4314.0,1,0.0,1,6365.0,1,5741.0,1,5734.0,1,6780.0,2978.5222,3938.0437,-5088.0
166,2014-04-15,6480.0,860.0,1.0,1.0,0,1.0,2.0,0.94732636,-0.32026985,0.8660254,-0.5,2,0,0,1,6800.0,1,0.0,1,4310.0,1,5663.0,1,6324.0,1,0.0,1,6157.0,1,5902.0,4507.1133,4574.034,6800.0
166,2014-04-16,6643.0,909.0,1.0,1.0,0,1.0,3.0,0.94732636,-0.32026985,0.8660254,-0.5,2,0,0,1,6480.0,1,6800.0,1,5088.0,1,6324.0,1,5871.0,1,9067.0,1,0.0,1,0.0,5296.268,4997.582,-320.0
166,2014-04-17,6862.0,943.0,1.0,1.0,0,1.0,4.0,0.94732636,-0.32026985,0.8660254,-0.5,2,0,0,1,6643.0,1,6480.0,1,0.0,1,6859.0,1,6784.0,1,6052.0,1,4518.0,1,5025.0,5834.961,5363.2305,163.0
166,2014-04-18,0.0,0.0,0.0,1.0,2,1.0,5.0,0.94732636,-0.32026985,0.8660254,-0.5,2,0,0,1,6862.0,1,6643.0,1,6800.0,1,4314.0,1,0.0,1,6365.0,1,4680.0,1,4350.0,6245.7764,5696.2905,219.0
166,2014-04-19,6899.0,1035.0,1.0,0.0,0,0.0,6.0,0.94732636,-0.32026985,0.8660254,-0.5,2,0,0,1,0.0,1,6862.0,1,6480.0,1,4310.0,1,5663.0,1,6324.0,1,3916.0,1,4604.0,3747.4658,4430.448,-6862.0
166,2014-04-20,0.0,0.0,0.0,0.0,0,0.0,7.0,0.94732636,-0.32026985,0.8660254,-0.5,2,0,0,1,6899.0,1,0.0,1,6643.0,1,5088.0,1,6324.0,1,5871.0,1,4319.0,1,5211.0,5008.0796,4979.015,6899.0
166,2014-04-21,0.0,0.0,0.0,0.0,2,1.0,1.0,0.9027978,-0.4300652,0.8660254,-0.5,2,0,0,1,0.0,1,6899.0,1,6862.0,1,0.0,1,6859.0,1,6784.0,1,4439.0,1,6184.0,3004.8477,3872.5674,-6899.0
166,2014-04-22,5076.0,802.0,1.0,0.0,0,1.0,2.0,0.9027978,-0.4300652,0.8660254,-0.5,2,0,0,1,0.0,1,0.0,1,0.0,1,6800.0,1,4314.0,1,0.0,1,5741.0,1,6710.0,1802.9086,3011.9968,0.0
166,2014-04-23,4593.0,713.0,1.0,0.0,0,1.0,3.0,0.9027978,-0.4300652,0.8660254,-0.5,2,0,0,1,5076.0,1,0.0,1,6899.0,1,6480.0,1,4310.0,1,5663.0,1,0.0,1,0.0,3112.1453,3470.6643,5076.0
166,2014-04-24,4332.0,698.0,1.0,0.0,0,1.0,4.0,0.9027978,-0.4300652,0.8660254,-0.5,2,0,0,1,4593.0,1,5076.0,1,0.0,1,6643.0,1,5088.0,1,6324.0,1,9067.0,1,8731.0,3704.487,3720.0723,-483.0
166,2014-04-25,4309.0,645.0,1.0,0.0,0,1.0,5.0,0.9027978,-0.4300652,0.8660254,-0.5,2,0,0,1,4332.0,1,4593.0,1,0.0,1,6862.0,1,0.0,1,6859.0,1,6052.0,1,7489.0,3955.4922,3856.0562,-261.0
166,2014-04-26,4066.0,662.0,1.0,0.0,0,0.0,6.0,0.9027978,-0.4300652,0.8660254,-0.5,2,0,0,1,4309.0,1,4332.0,1,5076.0,1,0.0,1,6800.0,1,4314.0,1,6365.0,1,6376.0,4096.8955,3956.7102,-23.0
166,2014-04-27,0.0,0.0,0.0,0.0,0,0.0,7.0,0.9027978,-0.4300652,0.8660254,-0.5,2,0,0,1,4066.0,1,4309.0,1,4593.0,1,6899.0,1,6480.0,1,4310.0,1,6324.0,1,7114.0,4084.537,3980.9968,-243.0
166,2014-04-28,6716.0,892.0,1.0,1.0,0,0.0,1.0,0.845596,-0.5338234,0.8660254,-0.5,2,0,0,1,0.0,1,4066.0,1,4332.0,1,0.0,1,6643.0,1,5088.0,1,5871.0,1,6723.0,2450.7224,3096.3308,-4066.0
166,2014-04-29,6763.0,882.0,1.0,1.0,0,0.0,2.0,0.845596,-0.5338234,0.8660254,-0.5,2,0,0,1,6716.0,1,0.0,1,4309.0,1,0.0,1,6862.0,1,0.0,1,6784.0,1,5895.0,4156.8335,3900.702,6716.0
166,2014-04-30,7940.0,1028.0,1.0,1.0,0,0.0,3.0,0.845596,-0.5338234,0.8660254,-0.5,2,0,1,1,6763.0,1,6716.0,1,4066.0,1,5076.0,1,0.0,1,6800.0,1,0.0,1,0.0,5199.3,4536.768,47.0
166,2014-05-01,0.0,0.0,0.0,1.0,1,0.0,4.0,0.845596,-0.5338234,0.5,-0.8660254,2,1,0,1,7940.0,1,6763.0,1,0.0,1,4593.0,1,6899.0,1,6480.0,1,5663.0,1,4803.0,6295.58,5293.042,1177.0
166,2014-05-02,9243.0,1123.0,1.0,1.0,0,0.0,5.0,0.845596,-0.5338234,0.5,-0.8660254,2,0,0,1,0.0,1,7940.0,1,6716.0,1,4332.0,1,0.0,1,6643.0,1,6324.0,1,4283.0,3777.348,4116.8105,-7940.0
166,2014-05-03,6457.0,969.0,1.0,0.0,0,0.0,6.0,0.845596,-0.5338234,0.5,-0.8660254,2,0,0,1,9243.0,1,0.0,1,6763.0,1,4309.0,1,0.0,1,6862.0,1,6859.0,1,4909.0,5963.609,5255.9634,9243.0
166,2014-05-04,0.0,0.0,0.0,0.0,0,0.0,7.0,0.845596,-0.5338234,0.5,-0.8660254,2,0,0,1,6457.0,1,9243.0,1,7940.0,1,4066.0,1,5076.0,1,0.0,1,4314.0,1,5075.0,6160.9653,5522.8604,-2786.0
166,2014-05-05,6971.0,897.0,1.0,1.0,0,0.0,1.0,0.7765239,-0.63008785,0.5,-0.8660254,2,0,0,1,0.0,1,6457.0,1,0.0,1,0.0,1,4593.0,1,6899.0,1,4310.0,1,4860.0,3696.579,4295.558,-6457.0
166,2014-05-06,5349.0,785.0,1.0,1.0,0,0.0,2.0,0.7765239,-0.63008785,0.5,-0.8660254,2,0,0,1,6971.0,1,0.0,1,9243.0,1,6716.0,1,4332.0,1,0.0,1,5088.0,1,5945.0,5006.3477,4890.101,6971.0
166,2014-05-07,5365.0,748.0,1.0,1.0,0,0.0,3.0,0.7765239,-0.63008785,0.5,-0.8660254,2,0,0,1,5349.0,1,6971.0,1,6457.0,1,6763.0,1,4309.0,1,0.0,1,0.0,1,0.0,5143.4087,4992.0786,-1622.0
166,2014-05-08,5457.0,721.0,1.0,1.0,0,0.0,4.0,0.7765239,-0.63008785,0.5,-0.8660254,2,0,0,1,5365.0,1,5349.0,1,0.0,1,7940.0,1,4066.0,1,5076.0,1,6800.0,1,7471.0,5232.045,5074.9497,16.0
166,2014-05-09,5630.0,751.0,1.0,1.0,0,0.0,5.0,0.7765239,-0.63008785,0.5,-0.8660254,2,0,0,1,5457.0,1,5365.0,1,6971.0,1,0.0,1,0.0,1,4593.0,1,6480.0,1,7224.0,5322.027,5159.85,92.0
166,2014-05-10,6054.0,869.0,1.0,0.0,0,0.0,6.0,0.7765239,-0.63008785,0.5,-0.8660254,2,0,0,1,5630.0,1,5457.0,1,5349.0,1,9243.0,1,6716.0,1,4332.0,1,6643.0,1,6433.0,5445.2163,5264.3276,173.0
166,2014-05-11,0.0,0.0,0.0,0.0,0,0.0,7.0,0.7765239,-0.63008785,0.5,-0.8660254,2,0,0,1,6054.0,1,5630.0,1,5365.0,1,6457.0,1,6763.0,1,4309.0,1,6862.0,1,6204.0,5688.73,5439.8105,424.0
166,2014-05-12,3986.0,645.0,1.0,0.0,0,0.0,1.0,0.696551,-0.71750724,0.5,-0.8660254,2,0,0,1,0.0,1,6054.0,1,5457.0,1,0.0,1,7940.0,1,4066.0,1,0.0,1,5734.0,3413.2378,4230.964,-6054.0
166,2014-05-13,4035.0,648.0,1.0,0.0,0,0.0,2.0,0.696551,-0.71750724,0.5,-0.8660254,2,0,0,1,3986.0,1,0.0,1,5630.0,1,6971.0,1,0.0,1,0.0,1,6899.0,1,6157.0,3642.3428,4176.5273,3986.0
166,2014-05-14,3953.0,639.0,1.0,0.0,0,0.0,3.0,0.696551,-0.71750724,0.5,-0.8660254,2,0,0,1,4035.0,1,3986.0,1,6054.0,1,5349.0,1,9243.0,1,6716.0,1,0.0,1,0.0,3799.4055,4145.0767,49.0
166,2014-05-15,4212.0,680.0,1.0,0.0,0,0.0,4.0,0.696551,-0.71750724,0.5,-0.8660254,2,0,0,1,3953.0,1,4035.0,1,0.0,1,5365.0,1,6457.0,1,6763.0,1,0.0,1,4518.0,3860.8433,4102.393,-82.0
166,2014-05-16,4148.0,642.0,1.0,0.0,0,0.0,5.0,0.696551,-0.71750724,0.5,-0.8660254,2,0,0,1,4212.0,1,3953.0,1,3986.0,1,5457.0,1,0.0,1,7940.0,1,5076.0,1,4680.0,4001.306,4126.75,259.0
166,2014-05-17,4534.0,721.0,1.0,0.0,0,0.0,6.0,0.696551,-0.71750724,0.5,-0.8660254,2,0,0,1,4148.0,1,4212.0,1,4035.0,1,5630.0,1,6971.0,1,0.0,1,4593.0,1,3916.0,4059.9836,4131.472,-64.0
166,2014-05-18,0.0,0.0,0.0,0.0,0,0.0,7.0,0.696551,-0.71750724,0.5,-0.8660254,2,0,0,1,4534.0,1,4148.0,1,3953.0,1,6054.0,1,5349.0,1,9243.0,1,4332.0,1,4319.0,4249.5903,4220.923,386.0
166,2014-05-19,6451.0,833.0,1.0,1.0,0,0.0,1.0,0.60680014,-0.79485446,0.5,-0.8660254,2,0,0,1,0.0,1,4534.0,1,4212.0,1,0.0,1,5365.0,1,6457.0,1,4309.0,1,4439.0,2549.7542,3282.94,-4534.0
166,2014-05-20,4714.0,755.0,1.0,1.0,0,0.0,2.0,0.60680014,-0.79485446,0.5,-0.8660254,2,0,0,1,6451.0,1,0.0,1,4148.0,1,3986.0,1,5457.0,1,0.0,1,4066.0,1,5741.0,4110.2524,3986.9534,6451.0
166,2014-05-21,4915.0,735.0,1.0,1.0,0,0.0,3.0,0.60680014,-0.79485446,0.5,-0.8660254,2,0,0,1,4714.0,1,6451.0,1,4534.0,1,4035.0,1,5630.0,1,6971.0,1,0.0,1,0.0,4351.7515,4148.5195,-1737.0
166,2014-05-22,4946.0,748.0,1.0,1.0,0,0.0,4.0,0.60680014,-0.79485446,0.5,-0.8660254,2,0,0,1,4915.0,1,4714.0,1,0.0,1,3953.0,1,6054.0,1,5349.0,1,6716.0,1,9067.0,4577.051,4318.848,201.0
166,2014-05-23,4375.0,617.0,1.0,1.0,0,0.0,5.0,0.60680014,-0.79485446,0.5,-0.8660254,2,0,0,1,4946.0,1,4915.0,1,6451.0,1,4212.0,1,0.0,1,5365.0,1,6763.0,1,6052.0,4724.6304,4458.2153,31.0
166,2014-05-24,4809.0,748.0,1.0,0.0,0,0.0,6.0,0.60680014,-0.79485446,0.5,-0.8660254,2,0,0,1,4375.0,1,4946.0,1,4714.0,1,4148.0,1,3986.0,1,5457.0,1,7940.0,1,6365.0,4584.7783,4439.723,-571.0
166,2014-05-25,0.0,0.0,0.0,0.0,0,0.0,7.0,0.60680014,-0.79485446,0.5,-0.8660254,2,0,0,1,4809.0,1,4375.0,1,4915.0,1,4534.0,1,4035.0,1,5630.0,1,0.0,1,6324.0,4674.467,4521.7847,434.0
166,2014-05-26,4378.0,704.0,1.0,0.0,0,0.0,1.0,0.5085311,-0.86104363,0.5,-0.8660254,2,0,0,1,0.0,1,4809.0,1,4946.0,1,0.0,1,3953.0,1,6054.0,1,9243.0,1,5871.0,2804.6802,3516.9436,-4809.0
166,2014-05-27,3396.0,586.0,1.0,0.0,0,0.0,2.0,0.5085311,-0.86104363,0.5,-0.8660254,2,0,0,1,4378.0,1,0.0,1,4375.0,1,6451.0,1,4212.0,1,0.0,1,6457.0,1,6784.0,3434.008,3708.2896,4378.0
166,2014-05-28,3904.0,614.0,1.0,0.0,0,0.0,3.0,0.5085311,-0.86104363,0.5,-0.8660254,2,0,0,1,3396.0,1,4378.0,1,4809.0,1,4714.0,1,4148.0,1,3986.0,1,0.0,1,0.0,3418.805,3638.8918,-982.0
166,2014-05-29,0.0,0.0,0.0,0.0,1,0.0,4.0,0.5085311,-0.86104363,0.5,-0.8660254,2,0,0,1,3904.0,1,3396.0,1,0.0,1,4915.0,1,4534.0,1,4035.0,1,6971.0,1,5663.0,3612.8828,3697.8047,508.0
166,2014-05-30,8271.0,1195.0,1.0,0.0,0,0.0,5.0,0.5085311,-0.86104363,0.5,-0.8660254,2,0,0,1,0.0,1,3904.0,1,4378.0,1,4946.0,1,0.0,1,3953.0,1,5349.0,1,6324.0,2167.7297,2876.0703,-3904.0
166,2014-05-31,5918.0,880.0,1.0,0.0,0,0.0,6.0,0.5085311,-0.86104363,0.5,-0.8660254,2,0,1,1,8271.0,1,0.0,1,3396.0,1,4375.0,1,6451.0,1,4212.0,1,5365.0,1,6859.0,4609.038,4074.9436,8271.0
166,2014-06-01,0.0,0.0,0.0,0.0,0,0.0,7.0,0.5085311,-0.86104363,1.2246469e-16,-1.0,2,1,0,1,5918.0,1,8271.0,1,3904.0,1,4809.0,1,4714.0,1,4148.0,1,5457.0,1,4314.0,5132.6226,4484.5117,-2353.0
166,2014-06-02,7663.0,962.0,1.0,1.0,0,0.0,1.0,0.40312344,-0.91514564,1.2246469e-16,-1.0,2,0,0,1,0.0,1,5918.0,1,0.0,1,0.0,1,4915.0,1,4534.0,1,5630.0,1,4310.0,3079.5737,3487.9536,-5918.0
166,2014-06-03,6528.0,867.0,1.0,1.0,0,0.0,2.0,0.40312344,-0.91514564,1.2246469e-16,-1.0,2,0,0,1,7663.0,1,0.0,1,8271.0,1,4378.0,1,4946.0,1,0.0,1,6054.0,1,5088.0,4912.9443,4415.7417,7663.0
166,2014-06-04,6004.0,796.0,1.0,1.0,0,0.0,3.0,0.40312344,-0.91514564,1.2246469e-16,-1.0,2,0,0,1,6528.0,1,7663.0,1,5918.0,1,3396.0,1,4375.0,1,6451.0,1,0.0,1,0.0,5558.9663,4885.1323,-1135.0
166,2014-06-05,6097.0,805.0,1.0,1.0,0,0.0,4.0,0.40312344,-0.91514564,1.2246469e-16,-1.0,2,0,0,1,6004.0,1,6528.0,1,0.0,1,3904.0,1,4809.0,1,4714.0,1,3986.0,1,6800.0,5736.98,5133.7695,-524.0
166,2014-06-06,5551.0,835.0,1.0,1.0,0,0.0,5.0,0.40312344,-0.91514564,1.2246469e-16,-1.0,2,0,0,1,6097.0,1,6004.0,1,7663.0,1,0.0,1,0.0,1,4915.0,1,4035.0,1,6480.0,5880.988,5347.821,93.0
166,2014-06-07,5566.0,898.0,1.0,0.0,0,0.0,6.0,0.40312344,-0.91514564,1.2246469e-16,-1.0,2,0,0,1,5551.0,1,6097.0,1,6528.0,1,8271.0,1,4378.0,1,4946.0,1,3953.0,1,6643.0,5748.9927,5392.9717,-546.0
166,2014-06-08,0.0,0.0,0.0,0.0,0,0.0,7.0,0.40312344,-0.91514564,1.2246469e-16,-1.0,2,0,0,1,5566.0,1,5551.0,1,6004.0,1,5918.0,1,3396.0,1,4375.0,1,4212.0,1,6862.0,5675.796,5431.4224,15.0
166,2014-06-09,0.0,0.0,0.0,0.0,1,0.0,1.0,0.29205677,-0.956401,1.2246469e-16,-1.0,2,0,0,1,0.0,1,5566.0,1,6097.0,1,0.0,1,3904.0,1,4809.0,1,4148.0,1,0.0,3405.4773,4224.44,-5566.0
166,2014-06-10,4983.0,894.0,1.0,0.0,0,1.0,2.0,0.29205677,-0.956401,1.2246469e-16,-1.0,2,0,0,1,0.0,1,0.0,1,5551.0,1,7663.0,1,0.0,1,0.0,1,4534.0,1,6899.0,2043.2864,3285.6753,0.0
166,2014-06-11,4315.0,680.0,1.0,0.0,0,0.0,3.0,0.29205677,-0.956401,1.2246469e-16,-1.0,2,0,0,1,4983.0,1,0.0,1,5566.0,1,6528.0,1,8271.0,1,4378.0,1,0.0,1,0.0,3219.1719,3662.8586,4983.0
166,2014-06-12,4844.0,783.0,1.0,0.0,0,0.0,4.0,0.29205677,-0.956401,1.2246469e-16,-1.0,2,0,0,1,4315.0,1,4983.0,1,0.0,1,6004.0,1,5918.0,1,3396.0,1,6451.0,1,0.0,3657.5032,3807.7788,-668.0
166,2014-06-13,4700.0,703.0,1.0,0.0,0,0.0,5.0,0.29205677,-0.956401,1.2246469e-16,-1.0,2,0,0,1,4844.0,1,4315.0,1,0.0,1,6097.0,1,0.0,1,3904.0,1,4714.0,1,5076.0,4132.102,4038.0503,529.0
166,2014-06-14,5558.0,787.0,1.0,0.0,0,0.0,6.0,0.29205677,-0.956401,1.2246469e-16,-1.0,2,0,0,1,4700.0,1,4844.0,1,4983.0,1,5551.0,1,7663.0,1,0.0,1,4915.0,1,4593.0,4359.261,4185.1504,-144.0
166,2014-06-15,0.0,0.0,0.0,0.0,0,0.0,7.0,0.29205677,-0.956401,1.2246469e-16,-1.0,2,0,0,1,5558.0,1,4700.0,1,4315.0,1,5566.0,1,6528.0,1,8271.0,1,4946.0,1,4332.0,4838.757,4490.228,858.0
166,2014-06-16,7236.0,873.0,1.0,1.0,0,0.0,1.0,0.17689027,-0.9842306,1.2246469e-16,-1.0,2,0,0,1,0.0,1,5558.0,1,4844.0,1,0.0,1,6004.0,1,5918.0,1,4375.0,1,4309.0,2903.254,3492.3994,-5558.0
166,2014-06-17,6058.0,819.0,1.0,1.0,0,0.0,2.0,0.17689027,-0.9842306,1.2246469e-16,-1.0,2,0,0,1,7236.0,1,0.0,1,4700.0,1,0.0,1,6097.0,1,0.0,1,4809.0,1,4066.0,4636.3525,4324.3105,7236.0
166,2014-06-18,6031.0,776.0,1.0,1.0,0,0.0,3.0,0.17689027,-0.9842306,1.2246469e-16,-1.0,2,0,0,1,6058.0,1,7236.0,1,5558.0,1,4983.0,1,5551.0,1,7663.0,1,0.0,1,0.0,5205.011,4709.575,-1178.0
166,2014-06-19,0.0,0.0,0.0,1.0,1,0.0,4.0,0.17689027,-0.9842306,1.2246469e-16,-1.0,2,0,0,1,6031.0,1,6058.0,1,0.0,1,4315.0,1,5566.0,1,6528.0,1,4378.0,1,6716.0,5535.4067,5003.225,-27.0
166,2014-06-20,7517.0,1005.0,1.0,1.0,0,0.0,5.0,0.17689027,-0.9842306,1.2246469e-16,-1.0,2,0,0,1,0.0,1,6031.0,1,7236.0,1,4844.0,1,0.0,1,6004.0,1,3396.0,1,6763.0,3321.2441,3891.3972,-6031.0
166,2014-06-21,4754.0,721.0,1.0,0.0,0,0.0,6.0,0.17689027,-0.9842306,1.2246469e-16,-1.0,2,0,0,1,7517.0,1,0.0,1,6058.0,1,4700.0,1,0.0,1,6097.0,1,3904.0,1,7940.0,4999.5464,4697.087,7517.0
166,2014-06-22,0.0,0.0,0.0,0.0,0,0.0,7.0,0.17689027,-0.9842306,1.2246469e-16,-1.0,2,0,0,1,4754.0,1,7517.0,1,6031.0,1,5558.0,1,4983.0,1,5551.0,1,0.0,1,0.0,4901.328,4709.734,-2763.0
166,2014-06-23,4569.0,729.0,1.0,0.0,0,0.0,1.0,0.059240628,-0.99824375,1.2246469e-16,-1.0,2,0,0,1,0.0,1,4754.0,1,0.0,1,0.0,1,4315.0,1,5566.0,1,8271.0,1,9243.0,2940.7966,3663.1265,-4754.0
166,2014-06-24,4099.0,659.0,1.0,0.0,0,0.0,2.0,0.059240628,-0.99824375,1.2246469e-16,-1.0,2,0,0,1,4569.0,1,0.0,1,7517.0,1,7236.0,1,4844.0,1,0.0,1,5918.0,1,6457.0,3592.0781,3864.4316,4569.0
166,2014-06-25,4083.0,648.0,1.0,0.0,0,0.0,3.0,0.059240628,-0.99824375,1.2246469e-16,-1.0,2,0,0,1,4099.0,1,4569.0,1,4754.0,1,6058.0,1,4700.0,1,0.0,1,0.0,1,0.0,3794.847,3916.558,-470.0
166,2014-06-26,4102.0,634.0,1.0,0.0,0,0.0,4.0,0.059240628,-0.99824375,1.2246469e-16,-1.0,2,0,0,1,4083.0,1,4099.0,1,0.0,1,6031.0,1,5558.0,1,4983.0,1,7663.0,1,6971.0,3910.1082,3953.5452,-16.0
166,2014-06-27,5089.0,682.0,1.0,0.0,0,0.0,5.0,0.059240628,-0.99824375,1.2246469e-16,-1.0,2,0,0,1,4102.0,1,4083.0,1,4569.0,1,0.0,1,0.0,1,4315.0,1,6528.0,1,5349.0,3986.8647,3986.5352,19.0
166,2014-06-28,5965.0,812.0,1.0,0.0,0,0.0,6.0,0.059240628,-0.99824375,1.2246469e-16,-1.0,2,0,0,1,5089.0,1,4102.0,1,4099.0,1,7517.0,1,7236.0,1,4844.0,1,6004.0,1,5365.0,4427.7188,4231.5273,987.0
166,2014-06-29,0.0,0.0,0.0,0.0,0,0.0,7.0,0.059240628,-0.99824375,1.2246469e-16,-1.0,2,0,0,1,5965.0,1,5089.0,1,4083.0,1,4754.0,1,6058.0,1,4700.0,1,6097.0,1,5457.0,5042.6313,4616.7437,876.0
166,2014-06-30,10406.0,1155.0,1.0,1.0,0,0.0,1.0,-0.059240628,-0.99824375,1.2246469e-16,-1.0,2,0,1,1,0.0,1,5965.0,1,4102.0,1,0.0,1,6031.0,1,5558.0,1,5551.0,1,5630.0,3025.5789,3590.8005,-5965.0
166,2014-07-01,7303.0,981.0,1.0,1.0,0,0.0,2.0,-0.059240628,-0.99824375,-0.5,-0.8660254,3,1,0,1,10406.0,1,0.0,1,5089.0,1,4569.0,1,0.0,1,0.0,1,5566.0,1,6054.0,5977.747,5105.289,10406.0
166,2014-07-02,6637.0,864.0,1.0,1.0,0,0.0,3.0,-0.059240628,-0.99824375,-0.5,-0.8660254,3,0,0,1,7303.0,1,10406.0,1,5965.0,1,4099.0,1,7517.0,1,7236.0,1,0.0,1,0.0,6507.848,5593.6694,-3103.0
166,2014-07-03,6976.0,960.0,1.0,1.0,0,0.0,4.0,-0.059240628,-0.99824375,-0.5,-0.8660254,3,0,0,1,6637.0,1,7303.0,1,0.0,1,4083.0,1,4754.0,1,6058.0,1,0.0,1,3986.0,6559.509,5825.5205,-666.0
166,2014-07-04,5386.0,791.0,1.0,1.0,0,0.0,5.0,-0.059240628,-0.99824375,-0.5,-0.8660254,3,0,0,1,6976.0,1,6637.0,1,10406.0,1,4102.0,1,0.0,1,6031.0,1,4983.0,1,4035.0,6726.1055,6081.1826,339.0
166,2014-07-05,6150.0,923.0,1.0,0.0,0,0.0,6.0,-0.059240628,-0.99824375,-0.5,-0.8660254,3,0,0,1,5386.0,1,6976.0,1,7303.0,1,5089.0,1,4569.0,1,0.0,1,4315.0,1,3953.0,6190.0635,5926.6978,-1590.0
166,2014-07-06,0.0,0.0,0.0,0.0,0,0.0,7.0,-0.059240628,-0.99824375,-0.5,-0.8660254,3,0,0,1,6150.0,1,5386.0,1,6637.0,1,5965.0,1,4099.0,1,7517.0,1,4844.0,1,4212.0,6174.038,5976.3203,764.0
166,2014-07-07,5642.0,859.0,1.0,0.0,0,1.0,1.0,-0.17689027,-0.9842306,-0.5,-0.8660254,3,0,0,1,0.0,1,6150.0,1,6976.0,1,0.0,1,4083.0,1,4754.0,1,4700.0,1,4148.0,3704.4229,4648.249,-6150.0
166,2014-07-08,4693.0,672.0,1.0,0.0,0,1.0,2.0,-0.17689027,-0.9842306,-0.5,-0.8660254,3,0,0,1,5642.0,1,0.0,1,5386.0,1,10406.0,1,4102.0,1,0.0,1,5558.0,1,4534.0,4479.4536,4869.0825,5642.0
166,2014-07-09,3624.0,566.0,1.0,0.0,0,1.0,3.0,-0.17689027,-0.9842306,-0.5,-0.8660254,3,0,0,1,4693.0,1,5642.0,1,6150.0,1,7303.0,1,5089.0,1,4569.0,1,0.0,1,0.0,4564.872,4829.953,-949.0
166,2014-07-10,4945.0,716.0,1.0,0.0,0,1.0,4.0,-0.17689027,-0.9842306,-0.5,-0.8660254,3,0,0,1,3624.0,1,4693.0,1,0.0,1,6637.0,1,5965.0,1,4099.0,1,7236.0,1,6451.0,4188.5234,4561.9634,-1069.0
166,2014-07-11,4732.0,736.0,1.0,0.0,0,1.0,5.0,-0.17689027,-0.9842306,-0.5,-0.8660254,3,0,0,1,4945.0,1,3624.0,1,5642.0,1,6976.0,1,0.0,1,4083.0,1,6058.0,1,4714.0,4491.114,4647.083,1321.0
166,2014-07-12,5397.0,837.0,1.0,0.0,0,0.0,6.0,-0.17689027,-0.9842306,-0.5,-0.8660254,3,0,0,1,4732.0,1,4945.0,1,4693.0,1,5386.0,1,10406.0,1,4102.0,1,6031.0,1,4915.0,4587.4683,4665.953,-213.0
166,2014-07-13,0.0,0.0,0.0,0.0,0,0.0,7.0,-0.17689027,-0.9842306,-0.5,-0.8660254,3,0,0,1,5397.0,1,4732.0,1,3624.0,1,6150.0,1,7303.0,1,5089.0,1,0.0,1,4946.0,4911.2812,4828.408,665.0
166,2014-07-14,6653.0,845.0,1.0,1.0,0,1.0,1.0,-0.29205677,-0.956401,-0.5,-0.8660254,3,0,0,1,0.0,1,5397.0,1,4945.0,1,0.0,1,6637.0,1,5965.0,1,7517.0,1,4375.0,2946.7686,3755.4285,-5397.0
166,2014-07-15,6044.0,833.0,1.0,1.0,0,1.0,2.0,-0.29205677,-0.956401,-0.5,-0.8660254,3,0,0,1,6653.0,1,0.0,1,4732.0,1,5642.0,1,6976.0,1,0.0,1,4754.0,1,4809.0,4429.261,4399.3335,6653.0
166,2014-07-16,6172.0,859.0,1.0,1.0,0,1.0,3.0,-0.29205677,-0.956401,-0.5,-0.8660254,3,0,0,1,6044.0,1,6653.0,1,5397.0,1,4693.0,1,5386.0,1,10406.0,1,0.0,1,0.0,5075.1567,4764.815,-609.0
166,2014-07-17,6358.0,873.0,1.0,1.0,0,1.0,4.0,-0.29205677,-0.956401,-0.5,-0.8660254,3,0,0,1,6172.0,1,6044.0,1,0.0,1,3624.0,1,6150.0,1,7303.0,1,4569.0,1,4378.0,5513.894,5077.5225,128.0
166,2014-07-18,5045.0,734.0,1.0,1.0,0,1.0,5.0,-0.29205677,-0.956401,-0.5,-0.8660254,3,0,0,1,6358.0,1,6172.0,1,6653.0,1,4945.0,1,0.0,1,6637.0,1,4099.0,1,3396.0,5851.5366,5362.073,186.0
166,2014-07-19,4437.0,691.0,1.0,0.0,0,0.0,6.0,-0.29205677,-0.956401,-0.5,-0.8660254,3,0,0,1,5045.0,1,6358.0,1,6044.0,1,4732.0,1,5642.0,1,6976.0,1,4083.0,1,3904.0,5528.922,5291.6123,-1313.0
166,2014-07-20,0.0,0.0,0.0,0.0,0,0.0,7.0,-0.29205677,-0.956401,-0.5,-0.8660254,3,0,0,1,4437.0,1,5045.0,1,6172.0,1,5397.0,1,4693.0,1,5386.0,1,4102.0,1,0.0,5092.1533,5101.6987,-608.0
166,2014-07-21,4588.0,717.0,1.0,0.0,0,1.0,1.0,-0.40312344,-0.91514564,-0.5,-0.8660254,3,0,0,1,0.0,1,4437.0,1,6358.0,1,0.0,1,3624.0,1,6150.0,1,5089.0,1,8271.0,3055.2917,3967.9878,-4437.0
166,2014-07-22,4395.0,765.0,1.0,0.0,0,1.0,2.0,-0.40312344,-0.91514564,-0.5,-0.8660254,3,0,0,1,4588.0,1,0.0,1,5045.0,1,6653.0,1,4945.0,1,0.0,1,5965.0,1,5918.0,3668.375,4105.768,4588.0
166,2014-07-23,4199.0,732.0,1.0,0.0,0,1.0,3.0,-0.40312344,-0.91514564,-0.5,-0.8660254,3,0,0,1,4395.0,1,4588.0,1,4437.0,1,6044.0,1,4732.0,1,5642.0,1,0.0,1,0.0,3959.0251,4170.042,-193.0
166,2014-07-24,4395.0,688.0,1.0,0.0,0,1.0,4.0,-0.40312344,-0.91514564,-0.5,-0.8660254,3,0,0,1,4199.0,1,4395.0,1,0.0,1,6172.0,1,5397.0,1,4693.0,1,10406.0,1,7663.0,4055.0151,4176.477,-196.0
166,2014-07-25,4349.0,602.0,1.0,0.0,0,1.0,5.0,-0.40312344,-0.91514564,-0.5,-0.8660254,3,0,0,1,4395.0,1,4199.0,1,4588.0,1,6358.0,1,0.0,1,3624.0,1,7303.0,1,6528.0,4191.009,4225.0376,196.0
166,2014-07-26,4909.0,774.0,1.0,0.0,0,0.0,6.0,-0.40312344,-0.91514564,-0.5,-0.8660254,3,0,0,1,4349.0,1,4395.0,1,4395.0,1,5045.0,1,6653.0,1,4945.0,1,6637.0,1,6004.0,4254.2056,4252.585,-46.0
166,2014-07-27,0.0,0.0,0.0,0.0,0,0.0,7.0,-0.40312344,-0.91514564,-0.5,-0.8660254,3,0,0,1,4909.0,1,4349.0,1,4199.0,1,4437.0,1,6044.0,1,4732.0,1,6976.0,1,6097.0,4516.123,4398.455,560.0
166,2014-07-28,6938.0,930.0,1.0,1.0,0,1.0,1.0,-0.5085311,-0.86104363,-0.5,-0.8660254,3,0,0,1,0.0,1,4909.0,1,4395.0,1,0.0,1,6172.0,1,5397.0,1,5386.0,1,5551.0,2709.6738,3421.0205,-4909.0
166,2014-07-29,5797.0,861.0,1.0,1.0,0,1.0,2.0,-0.5085311,-0.86104363,-0.5,-0.8660254,3,0,0,1,6938.0,1,0.0,1,4349.0,1,4588.0,1,6358.0,1,0.0,1,6150.0,1,5566.0,4401.0044,4202.5713,6938.0
166,2014-07-30,6704.0,864.0,1.0,1.0,0,1.0,3.0,-0.5085311,-0.86104363,-0.5,-0.8660254,3,0,0,1,5797.0,1,6938.0,1,4909.0,1,4395.0,1,5045.0,1,6653.0,1,0.0,1,0.0,4959.403,4556.889,-1141.0
166,2014-07-31,8226.0,1078.0,1.0,1.0,0,1.0,4.0,-0.5085311,-0.86104363,-0.5,-0.8660254,3,0,1,1,6704.0,1,5797.0,1,0.0,1,4199.0,1,4437.0,1,6044.0,1,5642.0,1,0.0,5657.2417,5034.025,907.0
166,2014-08-01,6643.0,975.0,1.0,1.0,0,1.0,5.0,-0.5085311,-0.86104363,-0.8660254,-0.5,3,1,0,1,8226.0,1,6704.0,1,6938.0,1,4395.0,1,0.0,1,6172.0,1,4693.0,1,4983.0,6684.745,5743.3525,1522.0
166,2014-08-02,5331.0,936.0,1.0,0.0,0,0.0,6.0,-0.5085311,-0.86104363,-0.8660254,-0.5,3,0,0,1,6643.0,1,8226.0,1,5797.0,1,4349.0,1,4588.0,1,6358.0,1,3624.0,1,4315.0,6668.047,5943.2744,-1583.0
166,2014-08-03,0.0,0.0,0.0,0.0,0,0.0,7.0,-0.5085311,-0.86104363,-0.8660254,-0.5,3,0,0,1,5331.0,1,6643.0,1,6704.0,1,4909.0,1,4395.0,1,5045.0,1,4945.0,1,4844.0,6133.228,5807.2134,-1312.0
166,2014-08-04,7549.0,1018.0,1.0,1.0,0,1.0,1.0,-0.60680014,-0.79485446,-0.8660254,-0.5,3,0,0,1,0.0,1,5331.0,1,8226.0,1,0.0,1,4199.0,1,4437.0,1,4732.0,1,4700.0,3679.937,4516.7217,-5331.0
166,2014-08-05,6199.0,887.0,1.0,1.0,0,1.0,2.0,-0.60680014,-0.79485446,-0.8660254,-0.5,3,0,0,1,7549.0,1,0.0,1,6643.0,1,6938.0,1,4395.0,1,0.0,1,5397.0,1,5558.0,5227.562,5190.561,7549.0
166,2014-08-06,6198.0,850.0,1.0,1.0,0,1.0,3.0,-0.60680014,-0.79485446,-0.8660254,-0.5,3,0,0,1,6199.0,1,7549.0,1,5331.0,1,5797.0,1,4349.0,1,4588.0,1,0.0,1,0.0,5616.137,5414.6587,-1350.0
166,2014-08-07,5312.0,808.0,1.0,1.0,0,1.0,4.0,-0.60680014,-0.79485446,-0.8660254,-0.5,3,0,0,1,6198.0,1,6199.0,1,0.0,1,6704.0,1,4909.0,1,4395.0,1,6653.0,1,7236.0,5848.8823,5588.7344,-1.0
166,2014-08-08,5360.0,800.0,1.0,1.0,0,1.0,5.0,-0.60680014,-0.79485446,-0.8660254,-0.5,3,0,0,1,5312.0,1,6198.0,1,7549.0,1,8226.0,1,0.0,1,4199.0,1,6044.0,1,6058.0,5634.1294,5527.238,-886.0
166,2014-08-09,5007.0,802.0,1.0,0.0,0,0.0,6.0,-0.60680014,-0.79485446,-0.8660254,-0.5,3,0,0,1,5360.0,1,5312.0,1,6199.0,1,6643.0,1,6938.0,1,4395.0,1,6172.0,1,6031.0,5524.4775,5490.0737,48.0
166,2014-08-10,0.0,0.0,0.0,0.0,0,0.0,7.0,-0.60680014,-0.79485446,-0.8660254,-0.5,3,0,0,1,5007.0,1,5360.0,1,6198.0,1,5331.0,1,5797.0,1,4349.0,1,6358.0,1,0.0,5317.487,5382.724,-353.0
166,2014-08-11,5486.0,859.0,1.0,0.0,0,1.0,1.0,-0.696551,-0.71750724,-0.8660254,-0.5,3,0,0,1,0.0,1,5007.0,1,5312.0,1,0.0,1,6704.0,1,4909.0,1,5045.0,1,7517.0,3190.492,4186.5635,-5007.0
166,2014-08-12,4584.0,767.0,1.0,0.0,0,1.0,2.0,-0.696551,-0.71750724,-0.8660254,-0.5,3,0,0,1,5486.0,1,0.0,1,5360.0,1,7549.0,1,8226.0,1,0.0,1,4437.0,1,4754.0,4108.6953,4475.327,5486.0
166,2014-08-13,4779.0,820.0,1.0,0.0,0,1.0,3.0,-0.696551,-0.71750724,-0.8660254,-0.5,3,0,0,1,4584.0,1,5486.0,1,5007.0,1,6199.0,1,6643.0,1,6938.0,1,0.0,1,0.0,4298.817,4499.4766,-902.0
166,2014-08-14,5112.0,775.0,1.0,0.0,0,1.0,4.0,-0.696551,-0.71750724,-0.8660254,-0.5,3,0,0,1,4779.0,1,4584.0,1,0.0,1,6198.0,1,5331.0,1,5797.0,1,4588.0,1,4569.0,4490.89,4561.593,195.0
166,2014-08-15,4857.0,748.0,1.0,0.0,0,1.0,5.0,-0.696551,-0.71750724,-0.8660254,-0.5,3,0,0,1,5112.0,1,4779.0,1,5486.0,1,5312.0,1,0.0,1,6704.0,1,4395.0,1,4099.0,4739.334,4683.906,333.0
166,2014-08-16,4919.0,762.0,1.0,0.0,0,0.0,6.0,-0.696551,-0.71750724,-0.8660254,-0.5,3,0,0,1,4857.0,1,5112.0,1,4584.0,1,5360.0,1,7549.0,1,8226.0,1,4199.0,1,4083.0,4786.4004,4722.371,-255.0
166,2014-08-17,0.0,0.0,0.0,0.0,0,0.0,7.0,-0.696551,-0.71750724,-0.8660254,-0.5,3,0,0,1,4919.0,1,4857.0,1,4779.0,1,5007.0,1,6199.0,1,6643.0,1,4395.0,1,4102.0,4839.4404,4766.0664,62.0
166,2014-08-18,7814.0,1043.0,1.0,1.0,0,1.0,1.0,-0.7765239,-0.63008785,-0.8660254,-0.5,3,0,0,1,0.0,1,4919.0,1,5112.0,1,0.0,1,6198.0,1,5331.0,1,4349.0,1,5089.0,2903.664,3706.9404,-4919.0
166,2014-08-19,6261.0,916.0,1.0,1.0,0,1.0,2.0,-0.7765239,-0.63008785,-0.8660254,-0.5,3,0,0,1,7814.0,1,0.0,1,4857.0,1,5486.0,1,5312.0,1,0.0,1,4909.0,1,5965.0,4867.7983,4619.6206,7814.0
166,2014-08-20,5549.0,820.0,1.0,1.0,0,0.0,3.0,-0.7765239,-0.63008785,-0.8660254,-0.5,3,0,0,1,6261.0,1,7814.0,1,4919.0,1,4584.0,1,5360.0,1,7549.0,1,0.0,1,0.0,5425.079,4984.3716,-1553.0
166,2014-08-21,5232.0,763.0,1.0,1.0,0,0.0,4.0,-0.7765239,-0.63008785,-0.8660254,-0.5,3,0,0,1,5549.0,1,6261.0,1,0.0,1,4779.0,1,5007.0,1,6199.0,1,6938.0,1,10406.0,5474.6475,5109.844,-712.0
166,2014-08-22,5692.0,775.0,1.0,1.0,0,0.0,5.0,-0.7765239,-0.63008785,-0.8660254,-0.5,3,0,0,1,5232.0,1,5549.0,1,7814.0,1,5112.0,1,0.0,1,6198.0,1,5797.0,1,7303.0,5377.5884,5136.99,-317.0
166,2014-08-23,4710.0,761.0,1.0,0.0,0,0.0,6.0,-0.7765239,-0.63008785,-0.8660254,-0.5,3,0,0,1,5692.0,1,5232.0,1,6261.0,1,4857.0,1,5486.0,1,5312.0,1,6704.0,1,6637.0,5503.353,5260.3257,460.0
166,2014-08-24,0.0,0.0,0.0,0.0,0,0.0,7.0,-0.7765239,-0.63008785,-0.8660254,-0.5,3,0,0,1,4710.0,1,5692.0,1,5549.0,1,4919.0,1,4584.0,1,5360.0,1,8226.0,1,6976.0,5186.0117,5138.0312,-982.0
166,2014-08-25,4605.0,766.0,1.0,0.0,0,0.0,1.0,-0.845596,-0.5338234,-0.8660254,-0.5,3,0,0,1,0.0,1,4710.0,1,5232.0,1,0.0,1,4779.0,1,5007.0,1,6643.0,1,5386.0,3111.6072,3996.2463,-4710.0
166,2014-08-26,4409.0,717.0,1.0,0.0,0,0.0,2.0,-0.845596,-0.5338234,-0.8660254,-0.5,3,0,0,1,4605.0,1,0.0,1,5692.0,1,7814.0,1,5112.0,1,0.0,1,5331.0,1,6150.0,3708.9644,4131.525,4605.0
166,2014-08-27,4582.0,707.0,1.0,0.0,0,0.0,3.0,-0.845596,-0.5338234,-0.8660254,-0.5,3,0,0,1,4409.0,1,4605.0,1,4710.0,1,6261.0,1,4857.0,1,5486.0,1,0.0,1,0.0,3988.9785,4193.186,-196.0
166,2014-08-28,5173.0,772.0,1.0,0.0,0,0.0,4.0,-0.845596,-0.5338234,-0.8660254,-0.5,3,0,0,1,4582.0,1,4409.0,1,0.0,1,5549.0,1,4919.0,1,4584.0,1,7549.0,1,5642.0,4226.187,4279.5894,173.0
166,2014-08-29,5612.0,831.0,1.0,0.0,0,0.0,5.0,-0.845596,-0.5338234,-0.8660254,-0.5,3,0,0,1,5173.0,1,4582.0,1,4605.0,1,5232.0,1,0.0,1,4779.0,1,6199.0,1,4693.0,4604.912,4478.125,591.0
166,2014-08-30,5990.0,827.0,1.0,0.0,0,0.0,6.0,-0.845596,-0.5338234,-0.8660254,-0.5,3,0,0,1,5612.0,1,5173.0,1,4409.0,1,5692.0,1,7814.0,1,5112.0,1,6198.0,1,3624.0,5007.7476,4730.097,439.0
166,2014-08-31,0.0,0.0,0.0,0.0,0,0.0,7.0,-0.845596,-0.5338234,-0.8660254,-0.5,3,0,1,1,5990.0,1,5612.0,1,4582.0,1,4710.0,1,6261.0,1,4857.0,1,5312.0,1,4945.0,5400.6484,5010.0757,378.0
166,2014-09-01,7508.0,968.0,1.0,1.0,0,0.0,1.0,-0.9027978,-0.4300652,-1.0,-1.8369701e-16,3,1,0,1,0.0,1,5990.0,1,5173.0,1,0.0,1,5549.0,1,4919.0,1,5360.0,1,4732.0,3240.3892,3896.7253,-5990.0
166,2014-09-02,6770.0,932.0,1.0,1.0,0,0.0,2.0,-0.9027978,-0.4300652,-1.0,-1.8369701e-16,3,0,0,1,7508.0,1,0.0,1,5612.0,1,4605.0,1,5232.0,1,0.0,1,5007.0,1,5397.0,4947.4336,4699.231,7508.0
166,2014-09-03,6211.0,881.0,1.0,1.0,0,0.0,3.0,-0.9027978,-0.4300652,-1.0,-1.8369701e-16,3,0,0,1,6770.0,1,7508.0,1,5990.0,1,4409.0,1,5692.0,1,7814.0,1,0.0,1,0.0,5676.46,5159.402,-738.0
166,2014-09-04,5951.0,860.0,1.0,1.0,0,0.0,4.0,-0.9027978,-0.4300652,-1.0,-1.8369701e-16,3,0,0,1,6211.0,1,6770.0,1,0.0,1,4582.0,1,4710.0,1,6261.0,1,5486.0,1,6653.0,5890.276,5393.0903,-559.0
166,2014-09-05,5988.0,814.0,1.0,1.0,0,0.0,5.0,-0.9027978,-0.4300652,-1.0,-1.8369701e-16,3,0,0,1,5951.0,1,6211.0,1,7508.0,1,5173.0,1,0.0,1,5549.0,1,4584.0,1,6044.0,5914.5654,5517.0703,-260.0
166,2014-09-06,5599.0,876.0,1.0,0.0,0,0.0,6.0,-0.9027978,-0.4300652,-1.0,-1.8369701e-16,3,0,0,1,5988.0,1,5951.0,1,6770.0,1,5612.0,1,4605.0,1,5232.0,1,4779.0,1,6172.0,5943.9395,5621.721,37.0
166,2014-09-07,0.0,0.0,0.0,0.0,0,0.0,7.0,-0.9027978,-0.4300652,-1.0,-1.8369701e-16,3,0,0,1,5599.0,1,5988.0,1,6211.0,1,5990.0,1,4409.0,1,5692.0,1,5112.0,1,6358.0,5805.964,5616.672,-389.0
166,2014-09-08,4714.0,753.0,1.0,0.0,0,0.0,1.0,-0.94732636,-0.32026985,-1.0,-1.8369701e-16,3,0,0,1,0.0,1,5599.0,1,5951.0,1,0.0,1,4582.0,1,4710.0,1,4857.0,1,5045.0,3483.5781,4368.523,-5599.0
166,2014-09-09,4747.0,747.0,1.0,0.0,0,0.0,2.0,-0.94732636,-0.32026985,-1.0,-1.8369701e-16,3,0,0,1,4714.0,1,0.0,1,5988.0,1,7508.0,1,5173.0,1,0.0,1,4919.0,1,4437.0,3975.7468,4445.2954,4714.0
166,2014-09-10,4998.0,741.0,1.0,0.0,0,0.0,3.0,-0.94732636,-0.32026985,-1.0,-1.8369701e-16,3,0,0,1,4747.0,1,4714.0,1,5599.0,1,6770.0,1,5612.0,1,4605.0,1,0.0,1,0.0,4284.248,4512.341,33.0
166,2014-09-11,4652.0,722.0,1.0,0.0,0,0.0,4.0,-0.94732636,-0.32026985,-1.0,-1.8369701e-16,3,0,0,1,4998.0,1,4747.0,1,0.0,1,6211.0,1,5990.0,1,4409.0,1,7814.0,1,4588.0,4569.749,4620.265,251.0
166,2014-09-12,4094.0,678.0,1.0,0.0,0,0.0,5.0,-0.94732636,-0.32026985,-1.0,-1.8369701e-16,3,0,0,1,4652.0,1,4998.0,1,4714.0,1,5951.0,1,0.0,1,4582.0,1,6261.0,1,4395.0,4602.6494,4627.3174,-346.0
166,2014-09-13,4703.0,762.0,1.0,0.0,0,0.0,6.0,-0.94732636,-0.32026985,-1.0,-1.8369701e-16,3,0,0,1,4094.0,1,4652.0,1,4747.0,1,5988.0,1,7508.0,1,5173.0,1,5549.0,1,4199.0,4399.1895,4508.8022,-558.0
166,2014-09-14,0.0,0.0,0.0,0.0,0,0.0,7.0,-0.94732636,-0.32026985,-1.0,-1.8369701e-16,3,0,0,1,4703.0,1,4094.0,1,4998.0,1,5599.0,1,6770.0,1,5612.0,1,5232.0,1,4395.0,4520.714,4551.9575,609.0
166,2014-09-15,6625.0,836.0,1.0,1.0,0,0.0,1.0,-0.9785565,-0.20597862,-1.0,-1.8369701e-16,3,0,0,1,0.0,1,4703.0,1,4652.0,1,0.0,1,6211.0,1,5990.0,1,5692.0,1,4349.0,2712.4282,3540.4114,-4703.0
166,2014-09-16,6039.0,833.0,1.0,1.0,0,0.0,2.0,-0.9785565,-0.20597862,-1.0,-1.8369701e-16,3,0,0,1,6625.0,1,0.0,1,4094.0,1,4714.0,1,5951.0,1,0.0,1,4710.0,1,4909.0,4277.457,4225.8755,6625.0
166,2014-09-17,5438.0,804.0,1.0,1.0,0,0.0,3.0,-0.9785565,-0.20597862,-1.0,-1.8369701e-16,3,0,0,1,6039.0,1,6625.0,1,4703.0,1,4747.0,1,5988.0,1,7508.0,1,0.0,1,0.0,4982.074,4628.792,-586.0
166,2014-09-18,4984.0,750.0,1.0,1.0,0,0.0,4.0,-0.9785565,-0.20597862,-1.0,-1.8369701e-16,3,0,0,1,5438.0,1,6039.0,1,0.0,1,4998.0,1,5599.0,1,6770.0,1,4605.0,1,6938.0,5164.4443,4808.616,-601.0
166,2014-09-19,4828.0,702.0,1.0,1.0,0,0.0,5.0,-0.9785565,-0.20597862,-1.0,-1.8369701e-16,3,0,0,1,4984.0,1,5438.0,1,6625.0,1,4652.0,1,0.0,1,6211.0,1,4409.0,1,5797.0,5092.2666,4847.5903,-454.0
166,2014-09-20,4764.0,764.0,1.0,0.0,0,0.0,6.0,-0.9785565,-0.20597862,-1.0,-1.8369701e-16,3,0,0,1,4828.0,1,4984.0,1,6039.0,1,4094.0,1,4714.0,1,5951.0,1,4582.0,1,6704.0,4986.56,4843.237,-156.0
166,2014-09-21,0.0,0.0,0.0,0.0,0,0.0,7.0,-0.9785565,-0.20597862,-1.0,-1.8369701e-16,3,0,0,1,4764.0,1,4828.0,1,5438.0,1,4703.0,1,4747.0,1,5988.0,1,5173.0,1,8226.0,4897.536,4825.629,-64.0
166,2014-09-22,3827.0,625.0,1.0,0.0,0,0.0,1.0,-0.9960498,-0.08879589,-1.0,-1.8369701e-16,3,0,0,1,0.0,1,4764.0,1,4984.0,1,0.0,1,4998.0,1,5599.0,1,5612.0,1,6643.0,2938.5217,3753.2668,-4764.0
166,2014-09-23,4011.0,645.0,1.0,0.0,0,0.0,2.0,-0.9960498,-0.08879589,-1.0,-1.8369701e-16,3,0,0,1,3827.0,1,0.0,1,4828.0,1,6625.0,1,4652.0,1,0.0,1,5990.0,1,5331.0,3293.913,3769.6519,3827.0
166,2014-09-24,4411.0,644.0,1.0,0.0,0,0.0,3.0,-0.9960498,-0.08879589,-1.0,-1.8369701e-16,3,0,0,1,4011.0,1,3827.0,1,4764.0,1,6039.0,1,4094.0,1,4714.0,1,0.0,1,0.0,3580.7478,3823.285,184.0
166,2014-09-25,4073.0,651.0,1.0,0.0,0,0.0,4.0,-0.9960498,-0.08879589,-1.0,-1.8369701e-16,3,0,0,1,4411.0,1,4011.0,1,0.0,1,5438.0,1,4703.0,1,4747.0,1,7508.0,1,7549.0,3912.8486,3953.8882,400.0
166,2014-09-26,4699.0,673.0,1.0,0.0,0,0.0,5.0,-0.9960498,-0.08879589,-1.0,-1.8369701e-16,3,0,0,1,4073.0,1,4411.0,1,3827.0,1,4984.0,1,0.0,1,4998.0,1,6770.0,1,6199.0,3976.9092,3980.3574,-338.0
166,2014-09-27,5101.0,767.0,1.0,0.0,0,0.0,6.0,-0.9960498,-0.08879589,-1.0,-1.8369701e-16,3,0,0,1,4699.0,1,4073.0,1,4011.0,1,4828.0,1,6625.0,1,4652.0,1,6211.0,1,6198.0,4265.7456,4140.0557,626.0
166,2014-09-28,0.0,0.0,0.0,0.0,0,0.0,7.0,-0.9960498,-0.08879589,-1.0,-1.8369701e-16,3,0,0,1,5101.0,1,4699.0,1,4411.0,1,4764.0,1,6039.0,1,4094.0,1,5951.0,1,5312.0,4599.847,4353.599,402.0
166,2014-09-29,6120.0,832.0,1.0,1.0,0,0.0,1.0,-0.99956083,0.029633328,-1.0,-1.8369701e-16,3,0,0,1,0.0,1,5101.0,1,4073.0,1,0.0,1,5438.0,1,4703.0,1,5988.0,1,5360.0,2759.9084,3386.1326,-5101.0
166,2014-09-30,7520.0,950.0,1.0,1.0,0,0.0,2.0,-0.99956083,0.029633328,-1.0,-1.8369701e-16,3,0,1,1,6120.0,1,0.0,1,4699.0,1,3827.0,1,4984.0,1,0.0,1,5599.0,1,5007.0,4103.945,3993.6587,6120.0
166,2014-10-01,6772.0,890.0,1.0,1.0,0,0.0,3.0,-0.99956083,0.029633328,-0.8660254,0.5,4,1,0,1,7520.0,1,6120.0,1,5101.0,1,4011.0,1,4828.0,1,6625.0,1,0.0,1,0.0,5470.367,4777.29,1400.0
166,2014-10-02,6841.0,903.0,1.0,1.0,0,0.0,4.0,-0.99956083,0.029633328,-0.8660254,0.5,4,0,0,1,6772.0,1,7520.0,1,0.0,1,4411.0,1,4764.0,1,6039.0,1,4714.0,1,5486.0,5991.02,5220.559,-748.0
166,2014-10-03,0.0,0.0,0.0,1.0,1,0.0,5.0,-0.99956083,0.029633328,-0.8660254,0.5,4,0,0,1,6841.0,1,6772.0,1,6120.0,1,4073.0,1,0.0,1,5438.0,1,4747.0,1,4584.0,6331.012,5580.6567,69.0
166,2014-10-04,7135.0,1058.0,1.0,0.0,0,0.0,6.0,-0.99956083,0.029633328,-0.8660254,0.5,4,0,0,1,0.0,1,6841.0,1,7520.0,1,4699.0,1,3827.0,1,4984.0,1,4998.0,1,4779.0,3798.6072,4340.5107,-6841.0
166,2014-10-05,0.0,0.0,0.0,0.0,0,0.0,7.0,-0.99956083,0.029633328,-0.8660254,0.5,4,0,0,1,7135.0,1,0.0,1,6772.0,1,5101.0,1,4011.0,1,4828.0,1,4652.0,1,5112.0,5133.1646,4961.5083,7135.0
166,2014-10-06,7429.0,965.0,1.0,1.0,0,1.0,1.0,-0.9890402,0.14764656,-0.8660254,0.5,4,0,0,1,0.0,1,7135.0,1,6841.0,1,0.0,1,4411.0,1,4764.0,1,4094.0,1,4857.0,3079.8987,3858.9512,-7135.0
166,2014-10-07,5155.0,702.0,1.0,1.0,0,1.0,2.0,-0.9890402,0.14764656,-0.8660254,0.5,4,0,0,1,7429.0,1,0.0,1,0.0,1,6120.0,1,4073.0,1,0.0,1,4703.0,1,4919.0,4819.539,4652.2954,7429.0
166,2014-10-08,5763.0,777.0,1.0,1.0,0,1.0,3.0,-0.9890402,0.14764656,-0.8660254,0.5,4,0,0,1,5155.0,1,7429.0,1,7135.0,1,7520.0,1,4699.0,1,3827.0,1,0.0,1,0.0,4953.7236,4764.0073,-2274.0
166,2014-10-09,5557.0,809.0,1.0,1.0,0,1.0,4.0,-0.9890402,0.14764656,-0.8660254,0.5,4,0,0,1,5763.0,1,5155.0,1,0.0,1,6772.0,1,5101.0,1,4011.0,1,6625.0,1,7814.0,5277.434,4986.006,608.0
166,2014-10-10,5583.0,810.0,1.0,1.0,0,1.0,5.0,-0.9890402,0.14764656,-0.8660254,0.5,4,0,0,1,5557.0,1,5763.0,1,7429.0,1,6841.0,1,0.0,1,4411.0,1,6039.0,1,6261.0,5389.2603,5112.8936,-206.0
166,2014-10-11,5327.0,792.0,1.0,0.0,0,0.0,6.0,-0.9890402,0.14764656,-0.8660254,0.5,4,0,0,1,5583.0,1,5557.0,1,5155.0,1,0.0,1,6120.0,1,4073.0,1,5438.0,1,5549.0,5466.7563,5217.3613,26.0
166,2014-10-12,0.0,0.0,0.0,0.0,0,0.0,7.0,-0.9890402,0.14764656,-0.8660254,0.5,4,0,0,1,5327.0,1,5583.0,1,5763.0,1,7135.0,1,7520.0,1,4699.0,1,4984.0,1,5232.0,5410.854,5241.7256,-256.0
166,2014-10-13,4137.0,705.0,1.0,0.0,0,1.0,1.0,-0.9646356,0.26358718,-0.8660254,0.5,4,0,0,1,0.0,1,5327.0,1,5557.0,1,0.0,1,6772.0,1,5101.0,1,4828.0,1,5692.0,3246.5122,4076.8977,-5327.0
166,2014-10-14,4545.0,703.0,1.0,0.0,0,1.0,2.0,-0.9646356,0.26358718,-0.8660254,0.5,4,0,0,1,4137.0,1,0.0,1,5583.0,1,7429.0,1,6841.0,1,0.0,1,4764.0,1,4710.0,3602.7073,4090.2537,4137.0
166,2014-10-15,4614.0,702.0,1.0,0.0,0,1.0,3.0,-0.9646356,0.26358718,-0.8660254,0.5,4,0,0,1,4545.0,1,4137.0,1,5327.0,1,5155.0,1,0.0,1,6120.0,1,0.0,1,0.0,3979.6245,4191.3086,408.0
166,2014-10-16,4568.0,669.0,1.0,0.0,0,1.0,4.0,-0.9646356,0.26358718,-0.8660254,0.5,4,0,0,1,4614.0,1,4545.0,1,0.0,1,5763.0,1,7135.0,1,7520.0,1,3827.0,1,4605.0,4233.3745,4285.2397,69.0
166,2014-10-17,4763.0,710.0,1.0,0.0,0,1.0,5.0,-0.9646356,0.26358718,-0.8660254,0.5,4,0,0,1,4568.0,1,4614.0,1,4137.0,1,5557.0,1,0.0,1,6772.0,1,4011.0,1,4409.0,4367.2246,4348.0757,-46.0
166,2014-10-18,4831.0,755.0,1.0,0.0,0,0.0,6.0,-0.9646356,0.26358718,-0.8660254,0.5,4,0,0,1,4763.0,1,4568.0,1,4545.0,1,5583.0,1,7429.0,1,6841.0,1,4411.0,1,4582.0,4525.5347,4440.281,195.0
166,2014-10-19,0.0,0.0,0.0,0.0,0,0.0,7.0,-0.9646356,0.26358718,-0.8660254,0.5,4,0,0,1,4831.0,1,4763.0,1,4614.0,1,5327.0,1,5155.0,1,0.0,1,4073.0,1,5173.0,4647.7207,4527.1074,68.0
166,2014-10-20,5475.0,749.0,1.0,1.0,0,0.0,1.0,-0.9266896,0.37582758,-0.8660254,0.5,4,0,0,1,0.0,1,4831.0,1,4568.0,1,0.0,1,5763.0,1,7135.0,1,4699.0,1,5612.0,2788.6326,3521.0835,-4831.0
166,2014-10-21,4802.0,679.0,1.0,1.0,0,0.0,2.0,-0.9266896,0.37582758,-0.8660254,0.5,4,0,0,1,5475.0,1,0.0,1,4763.0,1,4137.0,1,5557.0,1,0.0,1,5101.0,1,5990.0,3863.1794,3955.287,5475.0
166,2014-10-22,3830.0,553.0,1.0,1.0,0,0.0,3.0,-0.9266896,0.37582758,-0.8660254,0.5,4,0,0,1,4802.0,1,5475.0,1,4831.0,1,4545.0,1,5583.0,1,7429.0,1,0.0,1,0.0,4238.7075,4143.446,-673.0
166,2014-10-23,5737.0,769.0,1.0,1.0,0,0.0,4.0,-0.9266896,0.37582758,-0.8660254,0.5,4,0,0,1,3830.0,1,4802.0,1,0.0,1,4614.0,1,5327.0,1,5155.0,1,6120.0,1,7508.0,4075.2246,4073.791,-972.0
166,2014-10-24,5529.0,762.0,1.0,1.0,0,0.0,5.0,-0.9266896,0.37582758,-0.8660254,0.5,4,0,0,1,5737.0,1,3830.0,1,5475.0,1,4568.0,1,0.0,1,5763.0,1,7520.0,1,6770.0,4739.9346,4443.393,1907.0
166,2014-10-25,4963.0,757.0,1.0,0.0,0,0.0,6.0,-0.9266896,0.37582758,-0.8660254,0.5,4,0,0,1,5529.0,1,5737.0,1,4802.0,1,4763.0,1,4137.0,1,5557.0,1,6772.0,1,6211.0,5055.561,4684.639,-208.0
166,2014-10-26,0.0,0.0,0.0,0.0,0,0.0,7.0,-0.9266896,0.37582758,-0.8660254,0.5,4,0,0,1,4963.0,1,5529.0,1,3830.0,1,4831.0,1,4545.0,1,5583.0,1,6841.0,1,5951.0,5018.5366,4746.497,-566.0
166,2014-10-27,4530.0,745.0,1.0,0.0,0,0.0,1.0,-0.8757349,0.4827922,-0.8660254,0.5,4,0,0,1,0.0,1,4963.0,1,5737.0,1,0.0,1,4614.0,1,5327.0,1,0.0,1,5988.0,3011.1218,3691.72,-4963.0
166,2014-10-28,4936.0,737.0,1.0,0.0,0,0.0,2.0,-0.8757349,0.4827922,-0.8660254,0.5,4,0,0,1,4530.0,1,0.0,1,5529.0,1,5475.0,1,4568.0,1,0.0,1,7135.0,1,5599.0,3618.673,3878.0044,4530.0
166,2014-10-29,3719.0,576.0,1.0,0.0,0,0.0,3.0,-0.8757349,0.4827922,-0.8660254,0.5,4,0,0,1,4936.0,1,4530.0,1,4963.0,1,4802.0,1,4763.0,1,4137.0,1,0.0,1,0.0,4145.604,4113.1147,406.0
166,2014-10-30,5148.0,760.0,1.0,0.0,0,0.0,4.0,-0.8757349,0.4827922,-0.8660254,0.5,4,0,0,1,3719.0,1,4936.0,1,0.0,1,3830.0,1,4831.0,1,4545.0,1,7429.0,1,4714.0,3974.9624,4025.5334,-1217.0
166,2014-10-31,6164.0,887.0,1.0,0.0,0,0.0,5.0,-0.8757349,0.4827922,-0.8660254,0.5,4,0,1,1,5148.0,1,3719.0,1,4530.0,1,5737.0,1,0.0,1,4614.0,1,5155.0,1,4747.0,4444.1772,4274.9707,1429.0
166,2014-11-01,0.0,0.0,0.0,0.0,1,0.0,6.0,-0.8757349,0.4827922,-0.5,0.8660254,4,1,0,1,6164.0,1,5148.0,1,4936.0,1,5529.0,1,5475.0,1,4568.0,1,5763.0,1,4998.0,5132.1064,4694.755,1016.0
166,2014-11-02,0.0,0.0,0.0,0.0,0,0.0,7.0,-0.8757349,0.4827922,-0.5,0.8660254,4,0,0,1,0.0,1,6164.0,1,3719.0,1,4963.0,1,4802.0,1,4763.0,1,5557.0,1,4652.0,3079.264,3651.476,-6164.0
166,2014-11-03,7498.0,936.0,1.0,1.0,0,0.0,1.0,-0.8124869,0.5829795,-0.5,0.8660254,4,0,0,1,0.0,1,0.0,1,5148.0,1,0.0,1,3830.0,1,4831.0,1,5583.0,1,4094.0,1847.5583,2840.0369,0.0
166,2014-11-04,6017.0,796.0,1.0,1.0,0,0.0,2.0,-0.8124869,0.5829795,-0.5,0.8660254,4,0,0,1,7498.0,1,0.0,1,6164.0,1,4530.0,1,5737.0,1,0.0,1,5327.0,1,4703.0,4107.735,3875.14,7498.0
166,2014-11-05,5891.0,852.0,1.0,1.0,0,0.0,3.0,-0.8124869,0.5829795,-0.5,0.8660254,4,0,0,1,6017.0,1,7498.0,1,0.0,1,4936.0,1,5529.0,1,5475.0,1,0.0,1,0.0,4871.441,4351.109,-1481.0
166,2014-11-06,6146.0,845.0,1.0,1.0,0,0.0,4.0,-0.8124869,0.5829795,-0.5,0.8660254,4,0,0,1,5891.0,1,6017.0,1,0.0,1,3719.0,1,4963.0,1,4802.0,1,4137.0,1,6625.0,5279.2646,4693.3066,-126.0
166,2014-11-07,5945.0,817.0,1.0,1.0,0,0.0,5.0,-0.8124869,0.5829795,-0.5,0.8660254,4,0,0,1,6146.0,1,5891.0,1,7498.0,1,5148.0,1,0.0,1,3830.0,1,4545.0,1,6039.0,5625.959,5016.1274,255.0
166,2014-11-08,5960.0,910.0,1.0,0.0,0,0.0,6.0,-0.8124869,0.5829795,-0.5,0.8660254,4,0,0,1,5945.0,1,6146.0,1,6017.0,1,6164.0,1,4530.0,1,5737.0,1,4614.0,1,5438.0,5753.575,5222.5435,-201.0
166,2014-11-09,0.0,0.0,0.0,0.0,0,0.0,7.0,-0.8124869,0.5829795,-0.5,0.8660254,4,0,0,1,5960.0,1,5945.0,1,5891.0,1,0.0,1,4936.0,1,5529.0,1,4568.0,1,4984.0,5836.145,5386.423,15.0
166,2014-11-10,6081.0,825.0,1.0,1.0,0,0.0,1.0,-0.73783326,0.674983,-0.5,0.8660254,4,0,0,1,0.0,1,5960.0,1,6146.0,1,0.0,1,3719.0,1,4963.0,1,4763.0,1,4828.0,3501.687,4189.44,-5960.0
166,2014-11-11,5782.0,806.0,1.0,1.0,0,0.0,2.0,-0.73783326,0.674983,-0.5,0.8660254,4,0,0,1,6081.0,1,0.0,1,5945.0,1,7498.0,1,5148.0,1,0.0,1,4831.0,1,4764.0,4533.412,4609.7866,6081.0
166,2014-11-12,5617.0,773.0,1.0,1.0,0,0.0,3.0,-0.73783326,0.674983,-0.5,0.8660254,4,0,0,1,5782.0,1,6081.0,1,5960.0,1,6017.0,1,6164.0,1,4530.0,1,0.0,1,0.0,5032.847,4870.2783,-299.0
166,2014-11-13,5394.0,739.0,1.0,1.0,0,0.0,4.0,-0.73783326,0.674983,-0.5,0.8660254,4,0,0,1,5617.0,1,5782.0,1,0.0,1,5891.0,1,0.0,1,4936.0,1,5475.0,1,3827.0,5266.5083,5036.217,-165.0
166,2014-11-14,5288.0,760.0,1.0,1.0,0,0.0,5.0,-0.73783326,0.674983,-0.5,0.8660254,4,0,0,1,5394.0,1,5617.0,1,6081.0,1,6146.0,1,0.0,1,3719.0,1,4802.0,1,4011.0,5317.505,5115.724,-223.0
166,2014-11-15,5879.0,865.0,1.0,0.0,0,0.0,6.0,-0.73783326,0.674983,-0.5,0.8660254,4,0,0,1,5288.0,1,5394.0,1,5782.0,1,5945.0,1,7498.0,1,5148.0,1,3830.0,1,4411.0,5305.703,5154.008,-106.0
166,2014-11-16,0.0,0.0,0.0,0.0,0,0.0,7.0,-0.73783326,0.674983,-0.5,0.8660254,4,0,0,1,5879.0,1,5288.0,1,5617.0,1,5960.0,1,6017.0,1,6164.0,1,5737.0,1,4073.0,5535.022,5315.117,591.0
166,2014-11-17,5047.0,757.0,1.0,0.0,0,0.0,1.0,-0.65282214,0.75751126,-0.5,0.8660254,4,0,0,1,0.0,1,5879.0,1,5394.0,1,0.0,1,5891.0,1,0.0,1,5529.0,1,4699.0,3321.0132,4133.98,-5879.0
166,2014-11-18,3991.0,651.0,1.0,0.0,0,0.0,2.0,-0.65282214,0.75751126,-0.5,0.8660254,4,0,0,1,5047.0,1,0.0,1,5288.0,1,6081.0,1,6146.0,1,0.0,1,4963.0,1,5101.0,4011.408,4336.873,5047.0
166,2014-11-19,4470.0,693.0,1.0,0.0,0,0.0,3.0,-0.65282214,0.75751126,-0.5,0.8660254,4,0,0,1,3991.0,1,5047.0,1,5879.0,1,5782.0,1,5945.0,1,7498.0,1,0.0,1,0.0,4003.2446,4260.0127,-1056.0
166,2014-11-20,4708.0,720.0,1.0,0.0,0,0.0,4.0,-0.65282214,0.75751126,-0.5,0.8660254,4,0,0,1,4470.0,1,3991.0,1,0.0,1,5617.0,1,5960.0,1,6017.0,1,4530.0,1,6120.0,4189.947,4306.6763,479.0
166,2014-11-21,4414.0,688.0,1.0,0.0,0,0.0,5.0,-0.65282214,0.75751126,-0.5,0.8660254,4,0,0,1,4708.0,1,4470.0,1,5047.0,1,5394.0,1,0.0,1,5891.0,1,4936.0,1,7520.0,4397.168,4395.8594,238.0
166,2014-11-22,6243.0,908.0,1.0,0.0,0,0.0,6.0,-0.65282214,0.75751126,-0.5,0.8660254,4,0,0,1,4414.0,1,4708.0,1,3991.0,1,5288.0,1,6081.0,1,6146.0,1,3719.0,1,6772.0,4403.901,4399.8906,-294.0
166,2014-11-23,0.0,0.0,0.0,0.0,0,0.0,7.0,-0.65282214,0.75751126,-0.5,0.8660254,4,0,0,1,6243.0,1,4414.0,1,4470.0,1,5879.0,1,5782.0,1,5945.0,1,5148.0,1,6841.0,5139.5405,4809.4707,1829.0
166,2014-11-24,6523.0,900.0,1.0,1.0,0,0.0,1.0,-0.55864674,0.82940567,-0.5,0.8660254,4,0,0,1,0.0,1,6243.0,1,4708.0,1,0.0,1,5617.0,1,5960.0,1,6164.0,1,0.0,3083.7244,3740.6992,-6243.0
166,2014-11-25,6432.0,882.0,1.0,1.0,0,0.0,2.0,-0.55864674,0.82940567,-0.5,0.8660254,4,0,0,1,6523.0,1,0.0,1,4414.0,1,5047.0,1,5394.0,1,0.0,1,0.0,1,7135.0,4459.4346,4358.9883,6523.0
166,2014-11-26,6225.0,797.0,1.0,1.0,0,0.0,3.0,-0.55864674,0.82940567,-0.5,0.8660254,4,0,0,1,6432.0,1,6523.0,1,6243.0,1,3991.0,1,5288.0,1,6081.0,1,0.0,1,0.0,5248.461,4819.6577,-91.0
166,2014-11-27,6558.0,866.0,1.0,1.0,0,0.0,4.0,-0.55864674,0.82940567,-0.5,0.8660254,4,0,0,1,6225.0,1,6432.0,1,0.0,1,4470.0,1,5879.0,1,5782.0,1,7498.0,1,7429.0,5639.0767,5131.956,-207.0
166,2014-11-28,7538.0,962.0,1.0,1.0,0,0.0,5.0,-0.55864674,0.82940567,-0.5,0.8660254,4,0,0,1,6558.0,1,6225.0,1,6523.0,1,4708.0,1,0.0,1,5617.0,1,6017.0,1,5155.0,6006.646,5448.8545,333.0
166,2014-11-29,8612.0,1125.0,1.0,0.0,0,0.0,6.0,-0.55864674,0.82940567,-0.5,0.8660254,4,0,0,1,7538.0,1,6558.0,1,6432.0,1,4414.0,1,5047.0,1,5394.0,1,5891.0,1,5763.0,6619.1875,5913.109,980.0
166,2014-11-30,0.0,0.0,0.0,0.0,0,0.0,7.0,-0.55864674,0.82940567,-0.5,0.8660254,4,0,1,1,8612.0,1,7538.0,1,6225.0,1,6243.0,1,3991.0,1,5288.0,1,6146.0,1,5557.0,7416.3125,6512.863,1074.0
166,2014-12-01,8326.0,973.0,1.0,1.0,0,0.0,1.0,-0.45662925,0.8896571,-2.4492937e-16,1.0,4,1,0,1,0.0,1,8612.0,1,6558.0,1,0.0,1,4470.0,1,5879.0,1,5945.0,1,5583.0,4449.7876,5065.56,-8612.0
166,2014-12-02,7042.0,957.0,1.0,1.0,0,0.0,2.0,-0.45662925,0.8896571,-2.4492937e-16,1.0,4,0,0,1,8326.0,1,0.0,1,7538.0,1,6523.0,1,4708.0,1,0.0,1,5960.0,1,5327.0,6000.2725,5790.102,8326.0
166,2014-12-03,7078.0,903.0,1.0,1.0,0,0.0,3.0,-0.45662925,0.8896571,-2.4492937e-16,1.0,4,0,0,1,7042.0,1,8326.0,1,8612.0,1,6432.0,1,4414.0,1,5047.0,1,0.0,1,0.0,6416.9634,6068.302,-1284.0
166,2014-12-04,7470.0,937.0,1.0,1.0,0,0.0,4.0,-0.45662925,0.8896571,-2.4492937e-16,1.0,4,0,0,1,7078.0,1,7042.0,1,0.0,1,6225.0,1,6243.0,1,3991.0,1,6081.0,1,4137.0,6681.378,6292.679,36.0
166,2014-12-05,8738.0,1126.0,1.0,1.0,0,0.0,5.0,-0.45662925,0.8896571,-2.4492937e-16,1.0,4,0,0,1,7470.0,1,7078.0,1,8326.0,1,6558.0,1,0.0,1,4470.0,1,5782.0,1,4545.0,6996.8267,6554.306,392.0
166,2014-12-06,7539.0,1156.0,1.0,0.0,0,0.0,6.0,-0.45662925,0.8896571,-2.4492937e-16,1.0,4,0,0,1,8738.0,1,7470.0,1,7042.0,1,7538.0,1,6523.0,1,4708.0,1,5617.0,1,4614.0,7693.296,7039.5713,1268.0
166,2014-12-07,0.0,0.0,0.0,0.0,0,0.0,7.0,-0.45662925,0.8896571,-2.4492937e-16,1.0,4,0,0,1,7539.0,1,8738.0,1,7078.0,1,8612.0,1,6432.0,1,4414.0,1,5394.0,1,4568.0,7631.5776,7150.5557,-1199.0
166,2014-12-08,6227.0,920.0,1.0,0.0,0,0.0,1.0,-0.34820163,0.93741965,-2.4492937e-16,1.0,4,0,0,1,0.0,1,7539.0,1,7470.0,1,0.0,1,6225.0,1,6243.0,1,5288.0,1,4763.0,4578.947,5561.543,-7539.0
166,2014-12-09,6681.0,960.0,1.0,0.0,0,0.0,2.0,-0.34820163,0.93741965,-2.4492937e-16,1.0,4,0,0,1,6227.0,1,0.0,1,8738.0,1,8326.0,1,6558.0,1,0.0,1,5879.0,1,4831.0,5238.168,5709.4224,6227.0
166,2014-12-10,5149.0,743.0,1.0,0.0,0,0.0,3.0,-0.34820163,0.93741965,-2.4492937e-16,1.0,4,0,0,1,6681.0,1,6227.0,1,7539.0,1,7042.0,1,7538.0,1,6523.0,1,0.0,1,0.0,5815.301,5925.3286,454.0
166,2014-12-11,5082.0,753.0,1.0,0.0,0,0.0,4.0,-0.34820163,0.93741965,-2.4492937e-16,1.0,4,0,0,1,5149.0,1,6681.0,1,0.0,1,7078.0,1,8612.0,1,6432.0,1,5047.0,1,5475.0,5548.7803,5752.811,-1532.0
166,2014-12-12,5491.0,731.0,1.0,0.0,0,0.0,5.0,-0.34820163,0.93741965,-2.4492937e-16,1.0,4,0,0,1,5082.0,1,5149.0,1,6227.0,1,7470.0,1,0.0,1,6225.0,1,3991.0,1,4802.0,5362.0684,5603.742,-67.0
166,2014-12-13,8792.0,1269.0,1.0,0.0,0,0.0,6.0,-0.34820163,0.93741965,-2.4492937e-16,1.0,4,0,0,1,5491.0,1,5082.0,1,6681.0,1,8738.0,1,8326.0,1,6558.0,1,4470.0,1,3830.0,5413.641,5578.688,409.0
166,2014-12-14,0.0,0.0,0.0,0.0,0,0.0,7.0,-0.34820163,0.93741965,-2.4492937e-16,1.0,4,0,0,1,8792.0,1,5491.0,1,5149.0,1,7539.0,1,7042.0,1,7538.0,1,4708.0,1,5737.0,6764.9844,6292.7573,3301.0
166,2014-12-15,9934.0,1185.0,1.0,1.0,0,0.0,1.0,-0.23488605,0.9720229,-2.4492937e-16,1.0,4,0,0,1,0.0,1,8792.0,1,5082.0,1,0.0,1,7078.0,1,8612.0,1,4414.0,1,5529.0,4058.9907,4894.3667,-8792.0
166,2014-12-16,10649.0,1225.0,1.0,1.0,0,0.0,2.0,-0.23488605,0.9720229,-2.4492937e-16,1.0,4,0,0,1,9934.0,1,0.0,1,5491.0,1,6227.0,1,7470.0,1,0.0,1,6243.0,1,4963.0,6408.9946,6014.285,9934.0
166,2014-12-17,8202.0,1016.0,1.0,1.0,0,0.0,3.0,-0.23488605,0.9720229,-2.4492937e-16,1.0,4,0,0,1,10649.0,1,9934.0,1,8792.0,1,6681.0,1,8738.0,1,8326.0,1,0.0,1,0.0,8104.9966,7044.222,715.0
166,2014-12-18,9579.0,1230.0,1.0,1.0,0,0.0,4.0,-0.23488605,0.9720229,-2.4492937e-16,1.0,4,0,0,1,8202.0,1,10649.0,1,0.0,1,5149.0,1,7539.0,1,7042.0,1,6523.0,1,4530.0,8143.798,7301.506,-2447.0
166,2014-12-19,8792.0,1095.0,1.0,1.0,0,0.0,5.0,-0.23488605,0.9720229,-2.4492937e-16,1.0,4,0,0,1,9579.0,1,8202.0,1,9934.0,1,5082.0,1,0.0,1,7078.0,1,6432.0,1,4936.0,8717.879,7807.6157,1377.0
166,2014-12-20,10342.0,1334.0,1.0,0.0,0,0.0,6.0,-0.23488605,0.9720229,-2.4492937e-16,1.0,4,0,0,1,8792.0,1,9579.0,1,10649.0,1,5491.0,1,6227.0,1,7470.0,1,6225.0,1,3719.0,8747.527,8026.3677,-787.0
166,2014-12-21,0.0,0.0,0.0,0.0,0,0.0,7.0,-0.23488605,0.9720229,-2.4492937e-16,1.0,4,0,0,1,10342.0,1,8792.0,1,8202.0,1,8792.0,1,6681.0,1,8738.0,1,6558.0,1,5148.0,9385.316,8540.953,1550.0
166,2014-12-22,13098.0,1616.0,1.0,0.0,0,1.0,1.0,-0.11827317,0.9929811,-2.4492937e-16,1.0,4,0,0,1,0.0,1,10342.0,1,9579.0,1,0.0,1,5149.0,1,7539.0,1,7538.0,1,6164.0,5631.19,6642.9634,-10342.0
166,2014-12-23,10718.0,1498.0,1.0,0.0,0,1.0,2.0,-0.11827317,0.9929811,-2.4492937e-16,1.0,4,0,0,1,13098.0,1,0.0,1,8792.0,1,9934.0,1,5082.0,1,0.0,1,8612.0,1,0.0,8617.914,8077.416,13098.0
166,2014-12-24,3248.0,449.0,1.0,0.0,0,1.0,3.0,-0.11827317,0.9929811,-2.4492937e-16,1.0,4,0,0,1,10718.0,1,13098.0,1,10342.0,1,10649.0,1,5491.0,1,6227.0,1,0.0,1,0.0,9457.948,8664.212,-2380.0
166,2014-12-25,0.0,0.0,0.0,0.0,3,1.0,4.0,-0.11827317,0.9929811,-2.4492937e-16,1.0,4,0,0,1,3248.0,1,10718.0,1,0.0,1,8202.0,1,8792.0,1,6681.0,1,8326.0,1,7498.0,6973.969,7460.6094,-7470.0
166,2014-12-26,0.0,0.0,0.0,0.0,3,1.0,5.0,-0.11827317,0.9929811,-2.4492937e-16,1.0,4,0,0,1,0.0,1,3248.0,1,13098.0,1,9579.0,1,0.0,1,5149.0,1,7042.0,1,6017.0,4184.3813,5802.6963,-3248.0
166,2014-12-27,7903.0,1134.0,1.0,0.0,0,0.0,6.0,-0.11827317,0.9929811,-2.4492937e-16,1.0,4,0,0,1,0.0,1,0.0,1,10718.0,1,8792.0,1,9934.0,1,5082.0,1,7078.0,1,5891.0,2510.629,4513.2085,0.0
166,2014-12-28,0.0,0.0,0.0,0.0,0,0.0,7.0,-0.11827317,0.9929811,-2.4492937e-16,1.0,4,0,0,1,7903.0,1,0.0,1,3248.0,1,10342.0,1,10649.0,1,5491.0,1,7470.0,1,6146.0,4667.577,5266.495,7903.0
166,2014-12-29,8841.0,1193.0,1.0,0.0,0,1.0,1.0,0.11827317,0.9929811,-2.4492937e-16,1.0,4,0,0,1,0.0,1,7903.0,1,0.0,1,0.0,1,8202.0,1,8792.0,1,8738.0,1,5945.0,2800.5464,4096.163,-7903.0
166,2014-12-30,7772.0,1091.0,1.0,0.0,0,1.0,2.0,0.11827317,0.9929811,-2.4492937e-16,1.0,4,0,0,1,8841.0,1,0.0,1,0.0,1,13098.0,1,9579.0,1,0.0,1,7539.0,1,5960.0,5216.728,5150.5713,8841.0
166,2014-12-31,3243.0,416.0,1.0,0.0,0,1.0,3.0,0.11827317,0.9929811,-2.4492937e-16,1.0,4,0,1,1,7772.0,1,8841.0,1,7903.0,1,10718.0,1,8792.0,1,9934.0,1,0.0,1,0.0,6238.837,5733.111,-1069.0
166,2015-01-01,0.0,0.0,0.0,0.0,1,1.0,4.0,0.11827317,0.9929811,0.5,0.8660254,1,1,0,1,3243.0,1,7772.0,1,0.0,1,3248.0,1,10342.0,1,10649.0,1,6227.0,1,6081.0,5040.502,5179.753,-4529.0
166,2015-01-02,5837.0,905.0,1.0,0.0,0,1.0,5.0,0.11827317,0.9929811,0.5,0.8660254,1,0,0,1,0.0,1,3243.0,1,8841.0,1,0.0,1,0.0,1,8202.0,1,6681.0,1,5782.0,3024.3013,4028.6968,-3243.0
166,2015-01-03,5626.0,793.0,1.0,0.0,0,0.0,6.0,0.11827317,0.9929811,0.5,0.8660254,1,0,0,1,5837.0,1,0.0,1,7772.0,1,0.0,1,13098.0,1,9579.0,1,5149.0,1,5617.0,4149.381,4430.542,5837.0
166,2015-01-04,0.0,0.0,0.0,0.0,0,0.0,7.0,0.11827317,0.9929811,0.5,0.8660254,1,0,0,1,5626.0,1,5837.0,1,3243.0,1,7903.0,1,10718.0,1,8792.0,1,5082.0,1,5394.0,4740.0283,4696.199,-211.0
166,2015-01-05,7231.0,968.0,1.0,1.0,0,1.0,1.0,0.23488605,0.9720229,0.5,0.8660254,1,0,0,1,0.0,1,5626.0,1,0.0,1,0.0,1,3248.0,1,10342.0,1,5491.0,1,5288.0,2844.017,3652.5994,-5626.0
166,2015-01-06,6122.0,839.0,1.0,1.0,0,1.0,2.0,0.23488605,0.9720229,0.5,0.8660254,1,0,0,1,7231.0,1,0.0,1,5837.0,1,8841.0,1,0.0,1,0.0,1,8792.0,1,5879.0,4598.81,4447.8,7231.0
166,2015-01-07,5663.0,780.0,1.0,1.0,0,0.0,3.0,0.23488605,0.9720229,0.5,0.8660254,1,0,0,1,6122.0,1,7231.0,1,5626.0,1,7772.0,1,0.0,1,13098.0,1,0.0,1,0.0,5208.086,4819.844,-1109.0
166,2015-01-08,4035.0,584.0,1.0,1.0,0,0.0,4.0,0.23488605,0.9720229,0.5,0.8660254,1,0,0,1,5663.0,1,6122.0,1,0.0,1,3243.0,1,7903.0,1,10718.0,1,9934.0,1,5047.0,5390.052,5007.212,-459.0
166,2015-01-09,3996.0,563.0,1.0,1.0,0,0.0,5.0,0.23488605,0.9720229,0.5,0.8660254,1,0,0,1,4035.0,1,5663.0,1,7231.0,1,0.0,1,0.0,1,3248.0,1,10649.0,1,3991.0,4848.0312,4791.165,-1628.0
166,2015-01-10,4136.0,587.0,1.0,0.0,0,0.0,6.0,0.23488605,0.9720229,0.5,0.8660254,1,0,0,1,3996.0,1,4035.0,1,6122.0,1,5837.0,1,8841.0,1,0.0,1,8202.0,1,4470.0,4507.2188,4614.4614,-39.0
166,2015-01-11,0.0,0.0,0.0,0.0,0,0.0,7.0,0.23488605,0.9720229,0.5,0.8660254,1,0,0,1,4136.0,1,3996.0,1,5663.0,1,5626.0,1,7772.0,1,0.0,1,9579.0,1,4708.0,4358.731,4508.1367,140.0
166,2015-01-12,5210.0,728.0,1.0,1.0,0,0.0,1.0,0.34820163,0.93741965,0.5,0.8660254,1,0,0,1,0.0,1,4136.0,1,4035.0,1,0.0,1,3243.0,1,7903.0,1,8792.0,1,4414.0,2615.2388,3506.3286,-4136.0
166,2015-01-13,5191.0,700.0,1.0,1.0,0,0.0,2.0,0.34820163,0.93741965,0.5,0.8660254,1,0,0,1,5210.0,1,0.0,1,3996.0,1,7231.0,1,0.0,1,0.0,1,10342.0,1,6243.0,3653.1433,3884.9224,5210.0
166,2015-01-14,5024.0,692.0,1.0,1.0,0,0.0,3.0,0.34820163,0.93741965,0.5,0.8660254,1,0,0,1,5191.0,1,5210.0,1,4136.0,1,6122.0,1,5837.0,1,8841.0,1,0.0,1,0.0,4268.286,4175.1616,-19.0
166,2015-01-15,4554.0,618.0,1.0,1.0,0,0.0,4.0,0.34820163,0.93741965,0.5,0.8660254,1,0,0,1,5024.0,1,5191.0,1,0.0,1,5663.0,1,5626.0,1,7772.0,1,13098.0,1,6523.0,4570.572,4363.7925,-167.0
166,2015-01-16,5435.0,778.0,1.0,1.0,0,0.0,5.0,0.34820163,0.93741965,0.5,0.8660254,1,0,0,1,4554.0,1,5024.0,1,5210.0,1,4035.0,1,0.0,1,3243.0,1,10718.0,1,6432.0,4563.943,4406.061,-470.0
166,2015-01-17,6254.0,906.0,1.0,0.0,0,0.0,6.0,0.34820163,0.93741965,0.5,0.8660254,1,0,0,1,5435.0,1,4554.0,1,5191.0,1,3996.0,1,7231.0,1,0.0,1,3248.0,1,6225.0,4912.3657,4634.714,881.0
166,2015-01-18,0.0,0.0,0.0,0.0,0,0.0,7.0,0.34820163,0.93741965,0.5,0.8660254,1,0,0,1,6254.0,1,5435.0,1,5024.0,1,4136.0,1,6122.0,1,5837.0,1,0.0,1,6558.0,5449.0195,4994.555,819.0
166,2015-01-19,4370.0,699.0,1.0,0.0,0,0.0,1.0,0.45662925,0.8896571,0.5,0.8660254,1,0,0,1,0.0,1,6254.0,1,4554.0,1,0.0,1,5663.0,1,5626.0,1,0.0,1,7538.0,3269.4116,3884.654,-6254.0
166,2015-01-20,3750.0,621.0,1.0,0.0,0,0.0,2.0,0.45662925,0.8896571,0.5,0.8660254,1,0,0,1,4370.0,1,0.0,1,5435.0,1,5210.0,1,4035.0,1,0.0,1,7903.0,1,8612.0,3709.647,3992.5088,4370.0
166,2015-01-21,3834.0,635.0,1.0,0.0,0,0.0,3.0,0.45662925,0.8896571,0.5,0.8660254,1,0,0,1,3750.0,1,4370.0,1,6254.0,1,5191.0,1,3996.0,1,7231.0,1,0.0,1,0.0,3725.788,3938.618,-620.0
166,2015-01-22,3479.0,619.0,1.0,0.0,0,0.0,4.0,0.45662925,0.8896571,0.5,0.8660254,1,0,0,1,3834.0,1,3750.0,1,0.0,1,5024.0,1,4136.0,1,6122.0,1,8841.0,1,8326.0,3769.073,3915.3694,84.0
166,2015-01-23,3766.0,606.0,1.0,0.0,0,0.0,5.0,0.45662925,0.8896571,0.5,0.8660254,1,0,0,1,3479.0,1,3834.0,1,4370.0,1,4554.0,1,0.0,1,5663.0,1,7772.0,1,7042.0,3653.0437,3818.3984,-355.0
166,2015-01-24,4371.0,621.0,1.0,0.0,0,0.0,6.0,0.45662925,0.8896571,0.5,0.8660254,1,0,0,1,3766.0,1,3479.0,1,3750.0,1,5435.0,1,5210.0,1,4035.0,1,3243.0,1,7078.0,3698.2263,3806.7544,287.0
166,2015-01-25,0.0,0.0,0.0,0.0,0,0.0,7.0,0.45662925,0.8896571,0.5,0.8660254,1,0,0,1,4371.0,1,3766.0,1,3834.0,1,6254.0,1,5191.0,1,3996.0,1,0.0,1,7470.0,3967.3357,3932.1423,605.0
166,2015-01-26,5205.0,705.0,1.0,1.0,0,0.0,1.0,0.55864674,0.82940567,0.5,0.8660254,1,0,0,1,0.0,1,4371.0,1,3479.0,1,0.0,1,5024.0,1,4136.0,1,5837.0,1,8738.0,2380.4014,3058.333,-4371.0
166,2015-01-27,5236.0,746.0,1.0,1.0,0,0.0,2.0,0.55864674,0.82940567,0.5,0.8660254,1,0,0,1,5205.0,1,0.0,1,3766.0,1,4370.0,1,4554.0,1,0.0,1,5626.0,1,7539.0,3510.241,3535.37,5205.0
166,2015-01-28,4604.0,656.0,1.0,1.0,0,0.0,3.0,0.55864674,0.82940567,0.5,0.8660254,1,0,0,1,5236.0,1,5205.0,1,4371.0,1,3750.0,1,5435.0,1,5210.0,1,0.0,1,0.0,4200.5444,3913.2878,31.0
166,2015-01-29,5408.0,700.0,1.0,1.0,0,0.0,4.0,0.55864674,0.82940567,0.5,0.8660254,1,0,0,1,4604.0,1,5236.0,1,0.0,1,3834.0,1,6254.0,1,5191.0,1,7231.0,1,6227.0,4361.927,4066.7793,-632.0
166,2015-01-30,6251.0,764.0,1.0,1.0,0,0.0,5.0,0.55864674,0.82940567,0.5,0.8660254,1,0,0,1,5408.0,1,4604.0,1,5205.0,1,3479.0,1,0.0,1,5024.0,1,6122.0,1,6681.0,4780.356,4364.8286,804.0
166,2015-01-31,6321.0,874.0,1.0,0.0,0,0.0,6.0,0.55864674,0.82940567,0.5,0.8660254,1,0,1,1,6251.0,1,5408.0,1,5236.0,1,3766.0,1,4370.0,1,4554.0,1,5663.0,1,5149.0,5368.614,4783.9775,843.0
166,2015-02-01,0.0,0.0,0.0,0.0,0,0.0,7.0,0.55864674,0.82940567,0.8660254,0.5,1,1,0,1,6321.0,1,6251.0,1,4604.0,1,4371.0,1,3750.0,1,5435.0,1,4035.0,1,5082.0,5749.5684,5125.538,70.0
166,2015-02-02,8480.0,974.0,1.0,1.0,0,0.0,1.0,0.65282214,0.75751126,0.8660254,0.5,1,0,0,1,0.0,1,6321.0,1,5408.0,1,0.0,1,3834.0,1,6254.0,1,3996.0,1,5491.0,3449.741,3986.5298,-6321.0
166,2015-02-03,6217.0,863.0,1.0,1.0,0,0.0,2.0,0.65282214,0.75751126,0.8660254,0.5,1,0,0,1,8480.0,1,0.0,1,6251.0,1,5205.0,1,3479.0,1,0.0,1,4136.0,1,8792.0,5461.8447,4985.0786,8480.0
166,2015-02-04,5570.0,726.0,1.0,1.0,0,0.0,3.0,0.65282214,0.75751126,0.8660254,0.5,1,0,0,1,6217.0,1,8480.0,1,6321.0,1,5236.0,1,3766.0,1,4370.0,1,0.0,1,0.0,5763.9067,5258.839,-2263.0
166,2015-02-05,5480.0,744.0,1.0,1.0,0,0.0,4.0,0.65282214,0.75751126,0.8660254,0.5,1,0,0,1,5570.0,1,6217.0,1,0.0,1,4604.0,1,4371.0,1,3750.0,1,5210.0,1,9934.0,5686.344,5327.986,-647.0
166,2015-02-06,5962.0,789.0,1.0,1.0,0,0.0,5.0,0.65282214,0.75751126,0.8660254,0.5,1,0,0,1,5480.0,1,5570.0,1,8480.0,1,5408.0,1,0.0,1,3834.0,1,5191.0,1,10649.0,5603.8066,5361.7666,-90.0
166,2015-02-07,5538.0,807.0,1.0,0.0,0,0.0,6.0,0.65282214,0.75751126,0.8660254,0.5,1,0,0,1,5962.0,1,5480.0,1,6217.0,1,6251.0,1,5205.0,1,3479.0,1,5024.0,1,8202.0,5747.084,5495.152,482.0
166,2015-02-08,0.0,0.0,0.0,0.0,0,0.0,7.0,0.65282214,0.75751126,0.8660254,0.5,1,0,0,1,5538.0,1,5962.0,1,5570.0,1,6321.0,1,5236.0,1,3766.0,1,4554.0,1,9579.0,5663.45,5504.674,-424.0
166,2015-02-09,4650.0,648.0,1.0,0.0,0,0.0,1.0,0.73783326,0.674983,0.8660254,0.5,1,0,0,1,0.0,1,5538.0,1,5480.0,1,0.0,1,4604.0,1,4371.0,1,5435.0,1,8792.0,3398.07,4281.413,-5538.0
166,2015-02-10,3972.0,661.0,1.0,0.0,0,0.0,2.0,0.73783326,0.674983,0.8660254,0.5,1,0,0,1,4650.0,1,0.0,1,5962.0,1,8480.0,1,5408.0,1,0.0,1,6254.0,1,10342.0,3898.842,4363.3213,4650.0
166,2015-02-11,4375.0,723.0,1.0,0.0,0,0.0,3.0,0.73783326,0.674983,0.8660254,0.5,1,0,0,1,3972.0,1,4650.0,1,5538.0,1,6217.0,1,6251.0,1,5205.0,1,0.0,1,0.0,3928.1052,4276.361,-678.0
166,2015-02-12,3999.0,636.0,1.0,0.0,0,0.0,4.0,0.73783326,0.674983,0.8660254,0.5,1,0,0,1,4375.0,1,3972.0,1,0.0,1,5570.0,1,6321.0,1,5236.0,1,4370.0,1,13098.0,4106.8633,4298.281,403.0
166,2015-02-13,5338.0,811.0,1.0,0.0,0,0.0,5.0,0.73783326,0.674983,0.8660254,0.5,1,0,0,1,3999.0,1,4375.0,1,4650.0,1,5480.0,1,0.0,1,4604.0,1,3750.0,1,10718.0,4063.718,4231.774,-376.0
166,2015-02-14,5672.0,880.0,1.0,0.0,0,0.0,6.0,0.73783326,0.674983,0.8660254,0.5,1,0,0,1,5338.0,1,3999.0,1,3972.0,1,5962.0,1,8480.0,1,5408.0,1,3834.0,1,3248.0,4573.4307,4477.602,1339.0
166,2015-02-15,0.0,0.0,0.0,0.0,0,0.0,7.0,0.73783326,0.674983,0.8660254,0.5,1,0,0,1,5672.0,1,5338.0,1,4375.0,1,5538.0,1,6217.0,1,6251.0,1,3479.0,1,0.0,5012.8584,4743.024,334.0
166,2015-02-16,6689.0,887.0,1.0,1.0,0,0.0,1.0,0.8124869,0.5829795,0.8660254,0.5,1,0,0,1,0.0,1,5672.0,1,3999.0,1,0.0,1,5570.0,1,6321.0,1,3766.0,1,0.0,3007.715,3689.0186,-5672.0
166,2015-02-17,5264.0,721.0,1.0,1.0,0,0.0,2.0,0.8124869,0.5829795,0.8660254,0.5,1,0,0,1,6689.0,1,0.0,1,5338.0,1,4650.0,1,5480.0,1,0.0,1,4371.0,1,7903.0,4480.229,4355.681,6689.0
166,2015-02-18,5071.0,692.0,1.0,1.0,0,0.0,3.0,0.8124869,0.5829795,0.8660254,0.5,1,0,0,1,5264.0,1,6689.0,1,5672.0,1,3972.0,1,5962.0,1,8480.0,1,0.0,1,0.0,4793.7373,4557.53,-1425.0
166,2015-02-19,5272.0,728.0,1.0,1.0,0,0.0,4.0,0.8124869,0.5829795,0.8660254,0.5,1,0,0,1,5071.0,1,5264.0,1,0.0,1,4375.0,1,5538.0,1,6217.0,1,5205.0,1,8841.0,4904.6426,4671.6343,-193.0
166,2015-02-20,4590.0,665.0,1.0,1.0,0,0.0,5.0,0.8124869,0.5829795,0.8660254,0.5,1,0,0,1,5272.0,1,5071.0,1,6689.0,1,3999.0,1,0.0,1,5570.0,1,5236.0,1,7772.0,5051.5854,4805.049,201.0
166,2015-02-21,5034.0,769.0,1.0,0.0,0,0.0,6.0,0.8124869,0.5829795,0.8660254,0.5,1,0,0,1,4590.0,1,5272.0,1,5264.0,1,5338.0,1,4650.0,1,5480.0,1,4604.0,1,3243.0,4866.951,4757.2603,-682.0
166,2015-02-22,0.0,0.0,0.0,0.0,0,0.0,7.0,0.8124869,0.5829795,0.8660254,0.5,1,0,0,1,5034.0,1,4590.0,1,5071.0,1,5672.0,1,3972.0,1,5962.0,1,5408.0,1,0.0,4933.771,4818.758,444.0
166,2015-02-23,3614.0,566.0,1.0,0.0,0,0.0,1.0,0.8757349,0.4827922,0.8660254,0.5,1,0,0,1,0.0,1,5034.0,1,5272.0,1,0.0,1,4375.0,1,5538.0,1,6251.0,1,5837.0,2960.2625,3747.9229,-5034.0
166,2015-02-24,3795.0,597.0,1.0,0.0,0,0.0,2.0,0.8757349,0.4827922,0.8660254,0.5,1,0,0,1,3614.0,1,0.0,1,4590.0,1,6689.0,1,3999.0,1,0.0,1,6321.0,1,5626.0,3221.7576,3718.162,3614.0
166,2015-02-25,3987.0,636.0,1.0,0.0,0,0.0,3.0,0.8757349,0.4827922,0.8660254,0.5,1,0,0,1,3795.0,1,3614.0,1,5034.0,1,5264.0,1,5338.0,1,4650.0,1,0.0,1,0.0,3451.0544,3735.2373,181.0
166,2015-02-26,4713.0,735.0,1.0,0.0,0,0.0,4.0,0.8757349,0.4827922,0.8660254,0.5,1,0,0,1,3987.0,1,3795.0,1,0.0,1,5071.0,1,5672.0,1,3972.0,1,8480.0,1,7231.0,3665.4326,3791.1846,192.0
166,2015-02-27,4494.0,630.0,1.0,0.0,0,0.0,5.0,0.8757349,0.4827922,0.8660254,0.5,1,0,0,1,4713.0,1,3987.0,1,3614.0,1,5272.0,1,0.0,1,4375.0,1,6217.0,1,6122.0,4084.4597,3996.0325,726.0
166,2015-02-28,6733.0,962.0,1.0,0.0,0,0.0,6.0,0.8757349,0.4827922,0.8660254,0.5,1,0,1,1,4494.0,1,4713.0,1,3795.0,1,4590.0,1,6689.0,1,3999.0,1,5570.0,1,5663.0,4248.276,4106.692,-219.0
166,2015-03-01,0.0,0.0,0.0,0.0,0,0.0,7.0,0.8757349,0.4827922,1.0,6.123234e-17,1,1,0,1,6733.0,1,4494.0,1,3987.0,1,5034.0,1,5264.0,1,5338.0,1,5480.0,1,4035.0,5242.1655,4690.316,2239.0
166,2015-03-02,6811.0,851.0,1.0,1.0,0,0.0,1.0,0.9266896,0.37582758,1.0,6.123234e-17,1,0,0,1,0.0,1,6733.0,1,4713.0,1,0.0,1,5071.0,1,5672.0,1,5962.0,1,3996.0,3145.2993,3648.0234,-6733.0
166,2015-03-03,5989.0,747.0,1.0,1.0,0,0.0,2.0,0.9266896,0.37582758,1.0,6.123234e-17,1,0,0,1,6811.0,1,0.0,1,4494.0,1,3614.0,1,5272.0,1,0.0,1,5538.0,1,4136.0,4611.5796,4350.907,6811.0
166,2015-03-04,5020.0,704.0,1.0,1.0,0,0.0,3.0,0.9266896,0.37582758,1.0,6.123234e-17,1,0,0,1,5989.0,1,6811.0,1,6733.0,1,3795.0,1,4590.0,1,6689.0,1,0.0,1,0.0,5162.548,4714.9277,-822.0
166,2015-03-05,5685.0,820.0,1.0,1.0,0,0.0,4.0,0.9266896,0.37582758,1.0,6.123234e-17,1,0,0,1,5020.0,1,5989.0,1,0.0,1,3987.0,1,5034.0,1,5264.0,1,4650.0,1,5210.0,5105.529,4782.7217,-969.0
166,2015-03-06,5788.0,775.0,1.0,1.0,0,0.0,5.0,0.9266896,0.37582758,1.0,6.123234e-17,1,0,0,1,5685.0,1,5020.0,1,6811.0,1,4713.0,1,0.0,1,5071.0,1,3972.0,1,5191.0,5337.3174,4983.228,665.0
166,2015-03-07,5741.0,858.0,1.0,0.0,0,0.0,6.0,0.9266896,0.37582758,1.0,6.123234e-17,1,0,0,1,5788.0,1,5685.0,1,5989.0,1,4494.0,1,3614.0,1,5272.0,1,4375.0,1,5024.0,5517.5903,5162.066,103.0
166,2015-03-08,0.0,0.0,0.0,0.0,0,0.0,7.0,0.9266896,0.37582758,1.0,6.123234e-17,1,0,0,1,5741.0,1,5788.0,1,5020.0,1,6733.0,1,3795.0,1,4590.0,1,3999.0,1,4554.0,5606.954,5290.7183,-47.0
166,2015-03-09,4901.0,733.0,1.0,0.0,0,0.0,1.0,0.9646356,0.26358718,1.0,6.123234e-17,1,0,0,1,0.0,1,5741.0,1,5685.0,1,0.0,1,3987.0,1,5034.0,1,5338.0,1,5435.0,3364.1726,4115.003,-5741.0
166,2015-03-10,4047.0,657.0,1.0,0.0,0,0.0,2.0,0.9646356,0.26358718,1.0,6.123234e-17,1,0,0,1,4901.0,1,0.0,1,5788.0,1,6811.0,1,4713.0,1,0.0,1,5672.0,1,6254.0,3978.9036,4289.669,4901.0
166,2015-03-11,4081.0,669.0,1.0,0.0,0,0.0,3.0,0.9646356,0.26358718,1.0,6.123234e-17,1,0,0,1,4047.0,1,4901.0,1,5741.0,1,5989.0,1,4494.0,1,3614.0,1,0.0,1,0.0,4006.142,4235.7427,-854.0
166,2015-03-12,4874.0,721.0,1.0,0.0,0,0.0,4.0,0.9646356,0.26358718,1.0,6.123234e-17,1,0,0,1,4081.0,1,4047.0,1,0.0,1,5020.0,1,6733.0,1,3795.0,1,6689.0,1,4370.0,4036.0852,4201.3555,34.0
166,2015-03-13,3907.0,662.0,1.0,0.0,0,0.0,5.0,0.9646356,0.26358718,1.0,6.123234e-17,1,0,0,1,4874.0,1,4081.0,1,4901.0,1,5685.0,1,0.0,1,3987.0,1,5264.0,1,3750.0,4371.251,4350.832,793.0
166,2015-03-14,5762.0,758.0,1.0,0.0,0,0.0,6.0,0.9646356,0.26358718,1.0,6.123234e-17,1,0,0,1,3907.0,1,4874.0,1,4047.0,1,5788.0,1,6811.0,1,4713.0,1,5071.0,1,3834.0,4185.551,4252.2026,-967.0
166,2015-03-15,0.0,0.0,0.0,0.0,0,0.0,7.0,0.9646356,0.26358718,1.0,6.123234e-17,1,0,0,1,5762.0,1,3907.0,1,4081.0,1,5741.0,1,5989.0,1,4494.0,1,5272.0,1,3479.0,4816.1304,4587.713,1855.0
166,2015-03-16,6316.0,828.0,1.0,1.0,0,0.0,1.0,0.9890402,0.14764656,1.0,6.123234e-17,1,0,0,1,0.0,1,5762.0,1,4874.0,1,0.0,1,5020.0,1,6733.0,1,4590.0,1,3766.0,2889.6782,3568.2214,-5762.0
166,2015-03-17,5551.0,814.0,1.0,1.0,0,0.0,2.0,0.9890402,0.14764656,1.0,6.123234e-17,1,0,0,1,6316.0,1,0.0,1,3907.0,1,4901.0,1,5685.0,1,0.0,1,5034.0,1,4371.0,4260.207,4178.839,6316.0
166,2015-03-18,5486.0,782.0,1.0,1.0,0,0.0,3.0,0.9890402,0.14764656,1.0,6.123234e-17,1,0,0,1,5551.0,1,6316.0,1,5762.0,1,4047.0,1,5788.0,1,6811.0,1,0.0,1,0.0,4776.5244,4483.7637,-765.0
166,2015-03-19,5503.0,790.0,1.0,1.0,0,0.0,4.0,0.9890402,0.14764656,1.0,6.123234e-17,1,0,0,1,5486.0,1,5551.0,1,0.0,1,4081.0,1,5741.0,1,5989.0,1,3614.0,1,5205.0,5060.3145,4706.483,-65.0
166,2015-03-20,4799.0,716.0,1.0,1.0,0,0.0,5.0,0.9890402,0.14764656,1.0,6.123234e-17,1,0,0,1,5503.0,1,5486.0,1,6316.0,1,4874.0,1,0.0,1,5020.0,1,3795.0,1,5236.0,5237.3887,4883.4863,17.0
166,2015-03-21,4986.0,693.0,1.0,0.0,0,0.0,6.0,0.9890402,0.14764656,1.0,6.123234e-17,1,0,0,1,4799.0,1,5503.0,1,5551.0,1,3907.0,1,4901.0,1,5685.0,1,3987.0,1,4604.0,5062.033,4864.712,-704.0
166,2015-03-22,0.0,0.0,0.0,0.0,0,0.0,7.0,0.9890402,0.14764656,1.0,6.123234e-17,1,0,0,1,4986.0,1,4799.0,1,5486.0,1,5762.0,1,4047.0,1,5788.0,1,4713.0,1,5408.0,5031.62,4891.6646,187.0
166,2015-03-23,4835.0,722.0,1.0,0.0,0,0.0,1.0,0.99956083,0.029633328,1.0,6.123234e-17,1,0,0,1,0.0,1,4986.0,1,5503.0,1,0.0,1,4081.0,1,5741.0,1,4494.0,1,6251.0,3018.972,3804.6282,-4986.0
166,2015-03-24,4087.0,651.0,1.0,0.0,0,0.0,2.0,0.99956083,0.029633328,1.0,6.123234e-17,1,0,0,1,4835.0,1,0.0,1,4799.0,1,6316.0,1,4874.0,1,0.0,1,6733.0,1,6321.0,3745.383,4033.5996,4835.0
166,2015-03-25,4416.0,694.0,1.0,0.0,0,0.0,3.0,0.99956083,0.029633328,1.0,6.123234e-17,1,0,0,1,4087.0,1,4835.0,1,4986.0,1,5551.0,1,3907.0,1,4901.0,1,0.0,1,0.0,3882.0298,4045.4663,-748.0
166,2015-03-26,4233.0,665.0,1.0,0.0,0,0.0,4.0,0.99956083,0.029633328,1.0,6.123234e-17,1,0,0,1,4416.0,1,4087.0,1,0.0,1,5486.0,1,5762.0,1,4047.0,1,6811.0,1,8480.0,4095.618,4127.807,329.0
166,2015-03-27,4262.0,627.0,1.0,0.0,0,0.0,5.0,0.99956083,0.029633328,1.0,6.123234e-17,1,0,0,1,4233.0,1,4416.0,1,4835.0,1,5503.0,1,0.0,1,4081.0,1,5989.0,1,6217.0,4150.571,4151.1836,-183.0
166,2015-03-28,6026.0,849.0,1.0,0.0,0,0.0,6.0,0.99956083,0.029633328,1.0,6.123234e-17,1,0,0,1,4262.0,1,4233.0,1,4087.0,1,4799.0,1,6316.0,1,4874.0,1,5020.0,1,5570.0,4195.1426,4175.809,29.0
166,2015-03-29,0.0,0.0,0.0,0.0,0,0.0,7.0,0.99956083,0.029633328,1.0,6.123234e-17,1,0,0,1,6026.0,1,4262.0,1,4416.0,1,4986.0,1,5551.0,1,3907.0,1,5685.0,1,5480.0,4927.4854,4586.963,1764.0
166,2015-03-30,7732.0,869.0,1.0,1.0,0,1.0,1.0,0.9960498,-0.08879589,1.0,6.123234e-17,1,0,0,1,0.0,1,6026.0,1,4233.0,1,0.0,1,5486.0,1,5762.0,1,5788.0,1,5962.0,2956.4912,3567.6377,-6026.0
166,2015-03-31,7746.0,860.0,1.0,1.0,0,1.0,2.0,0.9960498,-0.08879589,1.0,6.123234e-17,1,0,1,1,7732.0,1,0.0,1,4262.0,1,4835.0,1,5503.0,1,0.0,1,5741.0,1,5538.0,4866.695,4493.052,7732.0
166,2015-04-01,7665.0,913.0,1.0,1.0,0,1.0,3.0,0.9960498,-0.08879589,0.8660254,-0.5,2,1,0,1,7746.0,1,7732.0,1,6026.0,1,4087.0,1,4799.0,1,6316.0,1,0.0,1,0.0,6018.417,5215.929,14.0
166,2015-04-02,7894.0,926.0,1.0,1.0,0,1.0,4.0,0.9960498,-0.08879589,0.8660254,-0.5,2,0,0,1,7665.0,1,7746.0,1,0.0,1,4416.0,1,4986.0,1,5551.0,1,4901.0,1,4650.0,6677.0503,5760.167,-81.0
166,2015-04-03,0.0,0.0,0.0,1.0,2,1.0,5.0,0.9960498,-0.08879589,0.8660254,-0.5,2,0,0,1,7894.0,1,7665.0,1,7732.0,1,4233.0,1,0.0,1,5486.0,1,4047.0,1,3972.0,7163.83,6234.352,229.0
166,2015-04-04,9137.0,1174.0,1.0,0.0,0,0.0,6.0,0.9960498,-0.08879589,0.8660254,-0.5,2,0,0,1,0.0,1,7894.0,1,7746.0,1,4262.0,1,4835.0,1,5503.0,1,4081.0,1,4375.0,4298.298,4848.9404,-7894.0
166,2015-04-05,0.0,0.0,0.0,0.0,0,0.0,7.0,0.9960498,-0.08879589,0.8660254,-0.5,2,0,0,1,9137.0,1,0.0,1,7665.0,1,6026.0,1,4087.0,1,4799.0,1,4874.0,1,3999.0,6233.779,5801.843,9137.0
166,2015-04-06,0.0,0.0,0.0,0.0,2,1.0,1.0,0.9785565,-0.20597862,0.8660254,-0.5,2,0,0,1,0.0,1,9137.0,1,7894.0,1,0.0,1,4416.0,1,4986.0,1,3907.0,1,5338.0,3740.2673,4512.5444,-9137.0
166,2015-04-07,6122.0,941.0,1.0,0.0,0,1.0,2.0,0.9785565,-0.20597862,0.8660254,-0.5,2,0,0,1,0.0,1,0.0,1,0.0,1,7732.0,1,4233.0,1,0.0,1,5762.0,1,5672.0,2244.1604,3509.7566,0.0
166,2015-04-08,5483.0,838.0,1.0,0.0,0,1.0,3.0,0.9785565,-0.20597862,0.8660254,-0.5,2,0,0,1,6122.0,1,0.0,1,9137.0,1,7746.0,1,4262.0,1,4835.0,1,0.0,1,0.0,3795.2961,4090.2551,6122.0
166,2015-04-09,5237.0,828.0,1.0,0.0,0,1.0,4.0,0.9785565,-0.20597862,0.8660254,-0.5,2,0,0,1,5483.0,1,6122.0,1,0.0,1,7665.0,1,6026.0,1,4087.0,1,6316.0,1,6689.0,4470.378,4399.754,-639.0
166,2015-04-10,4818.0,775.0,1.0,0.0,0,1.0,5.0,0.9785565,-0.20597862,0.8660254,-0.5,2,0,0,1,5237.0,1,5483.0,1,0.0,1,7894.0,1,0.0,1,4416.0,1,5551.0,1,5264.0,4777.027,4585.8086,-246.0
166,2015-04-11,5722.0,828.0,1.0,0.0,0,0.0,6.0,0.9785565,-0.20597862,0.8660254,-0.5,2,0,0,1,4818.0,1,5237.0,1,6122.0,1,0.0,1,7732.0,1,4233.0,1,5486.0,1,5071.0,4793.416,4637.4067,-419.0
166,2015-04-12,0.0,0.0,0.0,0.0,0,0.0,7.0,0.9785565,-0.20597862,0.8660254,-0.5,2,0,0,1,5722.0,1,4818.0,1,5483.0,1,9137.0,1,7746.0,1,4262.0,1,5503.0,1,5272.0,5164.8496,4878.4272,904.0
166,2015-04-13,7207.0,903.0,1.0,1.0,0,0.0,1.0,0.94732636,-0.32026985,0.8660254,-0.5,2,0,0,1,0.0,1,5722.0,1,5237.0,1,0.0,1,7665.0,1,6026.0,1,4799.0,1,4590.0,3098.9097,3794.3325,-5722.0
166,2015-04-14,5644.0,764.0,1.0,1.0,0,0.0,2.0,0.94732636,-0.32026985,0.8660254,-0.5,2,0,0,1,7207.0,1,0.0,1,4818.0,1,0.0,1,7894.0,1,0.0,1,4986.0,1,5034.0,4742.146,4552.703,7207.0
166,2015-04-15,5221.0,778.0,1.0,1.0,0,0.0,3.0,0.94732636,-0.32026985,0.8660254,-0.5,2,0,0,1,5644.0,1,7207.0,1,5722.0,1,6122.0,1,0.0,1,7732.0,1,0.0,1,0.0,5102.8877,4795.2134,-1563.0
166,2015-04-16,5787.0,782.0,1.0,1.0,0,0.0,4.0,0.94732636,-0.32026985,0.8660254,-0.5,2,0,0,1,5221.0,1,5644.0,1,0.0,1,5483.0,1,9137.0,1,7746.0,1,4835.0,1,3614.0,5150.1323,4889.8325,-423.0
166,2015-04-17,5740.0,739.0,1.0,1.0,0,0.0,5.0,0.94732636,-0.32026985,0.8660254,-0.5,2,0,0,1,5787.0,1,5221.0,1,7207.0,1,5237.0,1,0.0,1,7665.0,1,4087.0,1,3795.0,5404.8794,5089.203,566.0
166,2015-04-18,5476.0,796.0,1.0,0.0,0,0.0,6.0,0.94732636,-0.32026985,0.8660254,-0.5,2,0,0,1,5740.0,1,5787.0,1,5644.0,1,4818.0,1,0.0,1,7894.0,1,4416.0,1,3987.0,5538.9277,5233.8247,-47.0
166,2015-04-19,0.0,0.0,0.0,0.0,0,0.0,7.0,0.94732636,-0.32026985,0.8660254,-0.5,2,0,0,1,5476.0,1,5740.0,1,5221.0,1,5722.0,1,6122.0,1,0.0,1,4233.0,1,4713.0,5513.757,5287.6416,-264.0
166,2015-04-20,4522.0,722.0,1.0,0.0,0,0.0,1.0,0.9027978,-0.4300652,0.8660254,-0.5,2,0,0,1,0.0,1,5476.0,1,5787.0,1,0.0,1,5483.0,1,9137.0,1,4262.0,1,4494.0,3308.254,4112.61,-5476.0
166,2015-04-21,4240.0,668.0,1.0,0.0,0,0.0,2.0,0.9027978,-0.4300652,0.8660254,-0.5,2,0,0,1,4522.0,1,0.0,1,5740.0,1,7207.0,1,5237.0,1,0.0,1,6026.0,1,6733.0,3793.7524,4203.5854,4522.0
166,2015-04-22,4250.0,651.0,1.0,0.0,0,0.0,3.0,0.9027978,-0.4300652,0.8660254,-0.5,2,0,0,1,4240.0,1,4522.0,1,5476.0,1,5644.0,1,4818.0,1,0.0,1,0.0,1,0.0,3972.2515,4211.6777,-282.0
166,2015-04-23,4091.0,657.0,1.0,0.0,0,0.0,4.0,0.9027978,-0.4300652,0.8660254,-0.5,2,0,0,1,4250.0,1,4240.0,1,0.0,1,5221.0,1,5722.0,1,6122.0,1,7732.0,1,6811.0,4083.3508,4220.194,10.0
166,2015-04-24,3959.0,636.0,1.0,0.0,0,0.0,5.0,0.9027978,-0.4300652,0.8660254,-0.5,2,0,0,1,4091.0,1,4250.0,1,4522.0,1,5787.0,1,0.0,1,5483.0,1,7746.0,1,5989.0,4086.4104,4191.484,-159.0
166,2015-04-25,5037.0,736.0,1.0,0.0,0,0.0,6.0,0.9027978,-0.4300652,0.8660254,-0.5,2,0,0,1,3959.0,1,4091.0,1,4240.0,1,5740.0,1,7207.0,1,5237.0,1,7665.0,1,5020.0,4035.4463,4139.821,-132.0
166,2015-04-26,0.0,0.0,0.0,0.0,0,0.0,7.0,0.9027978,-0.4300652,0.8660254,-0.5,2,0,0,1,5037.0,1,3959.0,1,4250.0,1,5476.0,1,5644.0,1,4818.0,1,7894.0,1,5685.0,4436.068,4339.194,1078.0
166,2015-04-27,5884.0,730.0,1.0,1.0,0,0.0,1.0,0.845596,-0.5338234,0.8660254,-0.5,2,0,0,1,0.0,1,5037.0,1,4091.0,1,0.0,1,5221.0,1,5722.0,1,0.0,1,5788.0,2661.6406,3374.9287,-5037.0
166,2015-04-28,6088.0,792.0,1.0,1.0,0,0.0,2.0,0.845596,-0.5338234,0.8660254,-0.5,2,0,0,1,5884.0,1,0.0,1,3959.0,1,4522.0,1,5787.0,1,0.0,1,9137.0,1,5741.0,3950.5845,3932.5,5884.0
166,2015-04-29,6251.0,830.0,1.0,1.0,0,0.0,3.0,0.845596,-0.5338234,0.8660254,-0.5,2,0,0,1,6088.0,1,5884.0,1,5037.0,1,4240.0,1,5740.0,1,7207.0,1,0.0,1,0.0,4805.551,4411.5,204.0
166,2015-04-30,7542.0,985.0,1.0,1.0,0,0.0,4.0,0.845596,-0.5338234,0.8660254,-0.5,2,0,1,1,6251.0,1,6088.0,1,0.0,1,4250.0,1,5476.0,1,5644.0,1,0.0,1,4901.0,5383.7305,4820.278,163.0
166,2015-05-01,0.0,0.0,0.0,1.0,1,0.0,5.0,0.845596,-0.5338234,0.5,-0.8660254,2,1,0,1,7542.0,1,6251.0,1,5884.0,1,4091.0,1,0.0,1,5221.0,1,6122.0,1,4047.0,6247.038,5425.105,1291.0
166,2015-05-02,8659.0,1175.0,1.0,0.0,0,0.0,6.0,0.845596,-0.5338234,0.5,-0.8660254,2,0,0,1,0.0,1,7542.0,1,6088.0,1,3959.0,1,4522.0,1,5787.0,1,5483.0,1,4081.0,3748.223,4219.526,-7542.0
166,2015-05-03,0.0,0.0,0.0,0.0,0,0.0,7.0,0.845596,-0.5338234,0.5,-0.8660254,2,0,0,1,8659.0,1,0.0,1,6251.0,1,5037.0,1,4240.0,1,5740.0,1,5237.0,1,4874.0,5712.5337,5206.0757,8659.0
166,2015-05-04,6884.0,910.0,1.0,1.0,0,0.0,1.0,0.7765239,-0.63008785,0.5,-0.8660254,2,0,0,1,0.0,1,8659.0,1,7542.0,1,0.0,1,4250.0,1,5476.0,1,4818.0,1,3907.0,3427.5203,4049.1702,-8659.0
166,2015-05-05,5801.0,799.0,1.0,1.0,0,0.0,2.0,0.7765239,-0.63008785,0.5,-0.8660254,2,0,0,1,6884.0,1,0.0,1,0.0,1,5884.0,1,4091.0,1,0.0,1,5722.0,1,5762.0,4810.1123,4679.1323,6884.0
166,2015-05-06,5958.0,870.0,1.0,1.0,0,0.0,3.0,0.7765239,-0.63008785,0.5,-0.8660254,2,0,0,1,5801.0,1,6884.0,1,8659.0,1,6088.0,1,3959.0,1,4522.0,1,0.0,1,0.0,5206.4673,4928.436,-1083.0
166,2015-05-07,5284.0,758.0,1.0,1.0,0,0.0,4.0,0.7765239,-0.63008785,0.5,-0.8660254,2,0,0,1,5958.0,1,5801.0,1,0.0,1,6251.0,1,5037.0,1,4240.0,1,7207.0,1,6316.0,5507.0806,5157.228,157.0
166,2015-05-08,5846.0,806.0,1.0,1.0,0,0.0,5.0,0.7765239,-0.63008785,0.5,-0.8660254,2,0,0,1,5284.0,1,5958.0,1,6884.0,1,7542.0,1,0.0,1,4250.0,1,5644.0,1,5551.0,5417.848,5185.4,-674.0
166,2015-05-09,6223.0,905.0,1.0,0.0,0,0.0,6.0,0.7765239,-0.63008785,0.5,-0.8660254,2,0,0,1,5846.0,1,5284.0,1,5801.0,1,0.0,1,5884.0,1,4091.0,1,5221.0,1,5486.0,5589.109,5332.1997,562.0
166,2015-05-10,0.0,0.0,0.0,0.0,0,0.0,7.0,0.7765239,-0.63008785,0.5,-0.8660254,2,0,0,1,6223.0,1,5846.0,1,5958.0,1,8659.0,1,6088.0,1,3959.0,1,5787.0,1,5503.0,5842.6655,5530.1553,377.0
166,2015-05-11,4647.0,710.0,1.0,0.0,0,0.0,1.0,0.696551,-0.71750724,0.5,-0.8660254,2,0,0,1,0.0,1,6223.0,1,5284.0,1,0.0,1,6251.0,1,5037.0,1,5740.0,1,4799.0,3505.599,4301.232,-6223.0
166,2015-05-12,4953.0,732.0,1.0,0.0,0,0.0,2.0,0.696551,-0.71750724,0.5,-0.8660254,2,0,0,1,4647.0,1,0.0,1,5846.0,1,6884.0,1,7542.0,1,0.0,1,5476.0,1,4986.0,3962.1594,4378.0693,4647.0
166,2015-05-13,5326.0,790.0,1.0,0.0,0,0.0,3.0,0.696551,-0.71750724,0.5,-0.8660254,2,0,0,1,4953.0,1,4647.0,1,6223.0,1,5801.0,1,0.0,1,5884.0,1,0.0,1,0.0,4358.4956,4505.8315,306.0
166,2015-05-14,0.0,0.0,0.0,0.0,1,0.0,4.0,0.696551,-0.71750724,0.5,-0.8660254,2,0,0,1,5326.0,1,4953.0,1,0.0,1,5958.0,1,8659.0,1,6088.0,1,4522.0,1,4835.0,4745.4976,4688.0913,373.0
166,2015-05-15,6655.0,955.0,1.0,0.0,0,0.0,5.0,0.696551,-0.71750724,0.5,-0.8660254,2,0,0,1,0.0,1,5326.0,1,4647.0,1,5284.0,1,0.0,1,6251.0,1,4240.0,1,4087.0,2847.2983,3646.2932,-5326.0
166,2015-05-16,5252.0,710.0,1.0,0.0,0,0.0,6.0,0.696551,-0.71750724,0.5,-0.8660254,2,0,0,1,6655.0,1,0.0,1,4953.0,1,5846.0,1,6884.0,1,7542.0,1,4250.0,1,4416.0,4370.379,4314.8945,6655.0
166,2015-05-17,0.0,0.0,0.0,0.0,0,0.0,7.0,0.696551,-0.71750724,0.5,-0.8660254,2,0,0,1,5252.0,1,6655.0,1,5326.0,1,6223.0,1,5801.0,1,0.0,1,4091.0,1,4233.0,4723.0273,4523.14,-1403.0
166,2015-05-18,6563.0,858.0,1.0,1.0,0,0.0,1.0,0.60680014,-0.79485446,0.5,-0.8660254,2,0,0,1,0.0,1,5252.0,1,0.0,1,0.0,1,5958.0,1,8659.0,1,3959.0,1,4262.0,2833.8164,3517.998,-5252.0
166,2015-05-19,5843.0,762.0,1.0,1.0,0,0.0,2.0,0.60680014,-0.79485446,0.5,-0.8660254,2,0,0,1,6563.0,1,0.0,1,6655.0,1,4647.0,1,5284.0,1,0.0,1,5037.0,1,6026.0,4325.4897,4194.665,6563.0
166,2015-05-20,5575.0,770.0,1.0,1.0,0,0.0,3.0,0.60680014,-0.79485446,0.5,-0.8660254,2,0,0,1,5843.0,1,6563.0,1,5252.0,1,4953.0,1,5846.0,1,6884.0,1,0.0,1,0.0,4932.494,4560.962,-720.0
166,2015-05-21,5150.0,743.0,1.0,1.0,0,0.0,4.0,0.60680014,-0.79485446,0.5,-0.8660254,2,0,0,1,5575.0,1,5843.0,1,0.0,1,5326.0,1,6223.0,1,5801.0,1,5884.0,1,7732.0,5189.4966,4786.3037,-268.0
166,2015-05-22,5184.0,741.0,1.0,1.0,0,0.0,5.0,0.60680014,-0.79485446,0.5,-0.8660254,2,0,0,1,5150.0,1,5575.0,1,6563.0,1,0.0,1,0.0,1,5958.0,1,6088.0,1,7746.0,5173.6978,4867.125,-425.0
166,2015-05-23,5291.0,732.0,1.0,0.0,0,0.0,6.0,0.60680014,-0.79485446,0.5,-0.8660254,2,0,0,1,5184.0,1,5150.0,1,5843.0,1,6655.0,1,4647.0,1,5284.0,1,6251.0,1,7665.0,5177.819,4937.5415,34.0
166,2015-05-24,0.0,0.0,0.0,0.0,0,0.0,7.0,0.60680014,-0.79485446,0.5,-0.8660254,2,0,0,1,5291.0,1,5184.0,1,5575.0,1,5252.0,1,4953.0,1,5846.0,1,7542.0,1,7894.0,5223.0913,5016.088,107.0
166,2015-05-25,0.0,0.0,0.0,0.0,1,0.0,1.0,0.5085311,-0.86104363,0.5,-0.8660254,2,0,0,1,0.0,1,5291.0,1,5150.0,1,0.0,1,5326.0,1,6223.0,1,0.0,1,0.0,3133.8547,3901.4019,-5291.0
166,2015-05-26,5468.0,845.0,1.0,0.0,0,1.0,2.0,0.5085311,-0.86104363,0.5,-0.8660254,2,0,0,1,0.0,1,0.0,1,5184.0,1,6563.0,1,0.0,1,0.0,1,8659.0,1,9137.0,1880.3129,3034.4236,0.0
166,2015-05-27,4476.0,678.0,1.0,0.0,0,0.0,3.0,0.5085311,-0.86104363,0.5,-0.8660254,2,0,0,1,5468.0,1,0.0,1,5291.0,1,5843.0,1,6655.0,1,4647.0,1,0.0,1,0.0,3315.3877,3575.2183,5468.0
166,2015-05-28,4975.0,708.0,1.0,0.0,0,0.0,4.0,0.5085311,-0.86104363,0.5,-0.8660254,2,0,0,1,4476.0,1,5468.0,1,0.0,1,5575.0,1,5252.0,1,4953.0,1,6884.0,1,0.0,3779.6326,3775.392,-992.0
166,2015-05-29,5822.0,834.0,1.0,0.0,0,0.0,5.0,0.5085311,-0.86104363,0.5,-0.8660254,2,0,0,1,4975.0,1,4476.0,1,0.0,1,5150.0,1,0.0,1,5326.0,1,5801.0,1,6122.0,4257.78,4041.9717,499.0
166,2015-05-30,5497.0,775.0,1.0,0.0,0,0.0,6.0,0.5085311,-0.86104363,0.5,-0.8660254,2,0,0,1,5822.0,1,4975.0,1,5468.0,1,5184.0,1,6563.0,1,0.0,1,5958.0,1,5483.0,4883.468,4437.5337,847.0
166,2015-05-31,0.0,0.0,0.0,0.0,0,0.0,7.0,0.5085311,-0.86104363,0.5,-0.8660254,2,0,1,1,5497.0,1,5822.0,1,4476.0,1,5291.0,1,5843.0,1,6655.0,1,5284.0,1,5237.0,5128.881,4672.9707,-325.0
166,2015-06-01,7600.0,916.0,1.0,1.0,0,0.0,1.0,0.40312344,-0.91514564,1.2246469e-16,-1.0,2,1,0,1,0.0,1,5497.0,1,4975.0,1,0.0,1,5575.0,1,5252.0,1,5846.0,1,4818.0,3077.3284,3634.5325,-5497.0
166,2015-06-02,6473.0,833.0,1.0,1.0,0,0.0,2.0,0.40312344,-0.91514564,1.2246469e-16,-1.0,2,0,0,1,7600.0,1,0.0,1,5822.0,1,0.0,1,5150.0,1,0.0,1,6223.0,1,5722.0,4886.397,4515.7476,7600.0
166,2015-06-03,6443.0,843.0,1.0,1.0,0,0.0,3.0,0.40312344,-0.91514564,1.2246469e-16,-1.0,2,0,0,1,6473.0,1,7600.0,1,5497.0,1,5468.0,1,5184.0,1,6563.0,1,0.0,1,0.0,5521.038,4950.6924,-1127.0
166,2015-06-04,0.0,0.0,0.0,1.0,1,0.0,4.0,0.40312344,-0.91514564,1.2246469e-16,-1.0,2,0,0,1,6443.0,1,6473.0,1,0.0,1,4476.0,1,5291.0,1,5843.0,1,4647.0,1,7207.0,5889.8228,5282.3164,-30.0
166,2015-06-05,7732.0,1059.0,1.0,1.0,0,0.0,5.0,0.40312344,-0.91514564,1.2246469e-16,-1.0,2,0,0,1,0.0,1,6443.0,1,7600.0,1,4975.0,1,0.0,1,5575.0,1,4953.0,1,5644.0,3533.8938,4108.4683,-6443.0
166,2015-06-06,5733.0,861.0,1.0,0.0,0,0.0,6.0,0.40312344,-0.91514564,1.2246469e-16,-1.0,2,0,0,1,7732.0,1,0.0,1,6473.0,1,5822.0,1,0.0,1,5150.0,1,5326.0,1,5221.0,5213.136,4913.6978,7732.0
166,2015-06-07,0.0,0.0,0.0,0.0,0,0.0,7.0,0.40312344,-0.91514564,1.2246469e-16,-1.0,2,0,0,1,5733.0,1,7732.0,1,6443.0,1,5497.0,1,5468.0,1,5184.0,1,0.0,1,5787.0,5421.0815,5095.7646,-1999.0
166,2015-06-08,5399.0,751.0,1.0,0.0,0,0.0,1.0,0.29205677,-0.956401,1.2246469e-16,-1.0,2,0,0,1,0.0,1,5733.0,1,0.0,1,0.0,1,4476.0,1,5291.0,1,6655.0,1,5740.0,3252.6492,3963.3726,-5733.0
166,2015-06-09,5200.0,740.0,1.0,0.0,0,0.0,2.0,0.29205677,-0.956401,1.2246469e-16,-1.0,2,0,0,1,5399.0,1,0.0,1,7732.0,1,7600.0,1,4975.0,1,0.0,1,5252.0,1,5476.0,4111.1895,4282.401,5399.0
166,2015-06-10,5095.0,748.0,1.0,0.0,0,0.0,3.0,0.29205677,-0.956401,1.2246469e-16,-1.0,2,0,0,1,5200.0,1,5399.0,1,5733.0,1,6473.0,1,5822.0,1,0.0,1,0.0,1,0.0,4546.714,4486.312,-199.0
166,2015-06-11,5312.0,758.0,1.0,0.0,0,0.0,4.0,0.29205677,-0.956401,1.2246469e-16,-1.0,2,0,0,1,5095.0,1,5200.0,1,0.0,1,6443.0,1,5497.0,1,5468.0,1,6563.0,1,4522.0,4766.0283,4621.5757,-105.0
166,2015-06-12,4134.0,679.0,1.0,0.0,0,0.0,5.0,0.29205677,-0.956401,1.2246469e-16,-1.0,2,0,0,1,5312.0,1,5095.0,1,5399.0,1,0.0,1,0.0,1,4476.0,1,5843.0,1,4240.0,4984.417,4775.0034,217.0
166,2015-06-13,5001.0,801.0,1.0,0.0,0,0.0,6.0,0.29205677,-0.956401,1.2246469e-16,-1.0,2,0,0,1,4134.0,1,5312.0,1,5200.0,1,7732.0,1,7600.0,1,4975.0,1,5575.0,1,4250.0,4644.25,4632.558,-1178.0
166,2015-06-14,0.0,0.0,0.0,0.0,0,0.0,7.0,0.29205677,-0.956401,1.2246469e-16,-1.0,2,0,0,1,5001.0,1,4134.0,1,5095.0,1,5733.0,1,6473.0,1,5822.0,1,5150.0,1,4091.0,4786.95,4714.434,867.0
166,2015-06-15,7241.0,914.0,1.0,1.0,0,0.0,1.0,0.17689027,-0.9842306,1.2246469e-16,-1.0,2,0,0,1,0.0,1,5001.0,1,5312.0,1,0.0,1,6443.0,1,5497.0,1,5184.0,1,3959.0,2872.1702,3666.7822,-5001.0
166,2015-06-16,6413.0,785.0,1.0,1.0,0,0.0,2.0,0.17689027,-0.9842306,1.2246469e-16,-1.0,2,0,0,1,7241.0,1,0.0,1,4134.0,1,5399.0,1,0.0,1,0.0,1,5291.0,1,5037.0,4619.702,4461.0527,7241.0
166,2015-06-17,6491.0,830.0,1.0,1.0,0,0.0,3.0,0.17689027,-0.9842306,1.2246469e-16,-1.0,2,0,0,1,6413.0,1,7241.0,1,5001.0,1,5200.0,1,7732.0,1,7600.0,1,0.0,1,0.0,5337.021,4894.819,-828.0
166,2015-06-18,5212.0,750.0,1.0,1.0,0,0.0,4.0,0.17689027,-0.9842306,1.2246469e-16,-1.0,2,0,0,1,6491.0,1,6413.0,1,0.0,1,5095.0,1,5733.0,1,6473.0,1,0.0,1,5884.0,5798.613,5249.526,78.0
166,2015-06-19,5383.0,712.0,1.0,1.0,0,0.0,5.0,0.17689027,-0.9842306,1.2246469e-16,-1.0,2,0,0,1,5212.0,1,6491.0,1,7241.0,1,5312.0,1,0.0,1,6443.0,1,5468.0,1,6088.0,5563.968,5241.1865,-1279.0
166,2015-06-20,5364.0,792.0,1.0,0.0,0,0.0,6.0,0.17689027,-0.9842306,1.2246469e-16,-1.0,2,0,0,1,5383.0,1,5212.0,1,6413.0,1,4134.0,1,5399.0,1,0.0,1,4476.0,1,6251.0,5491.5806,5272.7007,171.0
166,2015-06-21,0.0,0.0,0.0,0.0,0,0.0,7.0,0.17689027,-0.9842306,1.2246469e-16,-1.0,2,0,0,1,5364.0,1,5383.0,1,6491.0,1,5001.0,1,5200.0,1,7732.0,1,4975.0,1,7542.0,5440.5483,5292.9893,-19.0
166,2015-06-22,4549.0,635.0,1.0,0.0,0,0.0,1.0,0.059240628,-0.99824375,1.2246469e-16,-1.0,2,0,0,1,0.0,1,5364.0,1,5212.0,1,0.0,1,5095.0,1,5733.0,1,5822.0,1,0.0,3264.329,4116.7695,-5364.0
166,2015-06-23,4790.0,703.0,1.0,0.0,0,0.0,2.0,0.059240628,-0.99824375,1.2246469e-16,-1.0,2,0,0,1,4549.0,1,0.0,1,5383.0,1,7241.0,1,5312.0,1,0.0,1,5497.0,1,8659.0,3778.1975,4212.821,4549.0
166,2015-06-24,4697.0,705.0,1.0,0.0,0,0.0,3.0,0.059240628,-0.99824375,1.2246469e-16,-1.0,2,0,0,1,4790.0,1,4549.0,1,5364.0,1,6413.0,1,4134.0,1,5399.0,1,0.0,1,0.0,4182.9185,4341.083,241.0
166,2015-06-25,4920.0,791.0,1.0,0.0,0,0.0,4.0,0.059240628,-0.99824375,1.2246469e-16,-1.0,2,0,0,1,4697.0,1,4790.0,1,0.0,1,6491.0,1,5001.0,1,5200.0,1,7600.0,1,6884.0,4388.5513,4420.176,-93.0
166,2015-06-26,4473.0,702.0,1.0,0.0,0,0.0,5.0,0.059240628,-0.99824375,1.2246469e-16,-1.0,2,0,0,1,4920.0,1,4697.0,1,4549.0,1,5212.0,1,0.0,1,5095.0,1,6473.0,1,5801.0,4601.131,4531.2476,223.0
166,2015-06-27,5345.0,730.0,1.0,0.0,0,0.0,6.0,0.059240628,-0.99824375,1.2246469e-16,-1.0,2,0,0,1,4473.0,1,4920.0,1,4790.0,1,5383.0,1,7241.0,1,5312.0,1,6443.0,1,5958.0,4549.8784,4518.3037,-447.0
166,2015-06-28,0.0,0.0,0.0,0.0,0,0.0,7.0,0.059240628,-0.99824375,1.2246469e-16,-1.0,2,0,0,1,5345.0,1,4473.0,1,4697.0,1,5364.0,1,6413.0,1,4134.0,1,0.0,1,5284.0,4867.9272,4702.014,872.0
166,2015-06-29,9464.0,1103.0,1.0,1.0,0,1.0,1.0,-0.059240628,-0.99824375,1.2246469e-16,-1.0,2,0,0,1,0.0,1,5345.0,1,4920.0,1,0.0,1,6491.0,1,5001.0,1,7732.0,1,5846.0,2920.756,3657.122,-5345.0
166,2015-06-30,8926.0,1096.0,1.0,1.0,0,1.0,2.0,-0.059240628,-0.99824375,1.2246469e-16,-1.0,2,0,1,1,9464.0,1,0.0,1,4473.0,1,4549.0,1,5212.0,1,0.0,1,5733.0,1,6223.0,5538.0537,4947.5396,9464.0
166,2015-07-01,5990.0,837.0,1.0,1.0,0,1.0,3.0,-0.059240628,-0.99824375,-0.5,-0.8660254,3,1,0,1,8926.0,1,9464.0,1,5345.0,1,4790.0,1,5383.0,1,7241.0,1,0.0,1,0.0,6893.2324,5831.6416,-538.0
166,2015-07-02,5966.0,813.0,1.0,1.0,0,1.0,4.0,-0.059240628,-0.99824375,-0.5,-0.8660254,3,0,0,1,5990.0,1,8926.0,1,0.0,1,4697.0,1,5364.0,1,6413.0,1,5399.0,1,4647.0,6531.9395,5866.8325,-2936.0
166,2015-07-03,5666.0,776.0,1.0,1.0,0,1.0,5.0,-0.059240628,-0.99824375,-0.5,-0.8660254,3,0,0,1,5966.0,1,5990.0,1,9464.0,1,4920.0,1,0.0,1,6491.0,1,5200.0,1,4953.0,6305.5635,5888.8696,-24.0
166,2015-07-04,4636.0,749.0,1.0,0.0,0,0.0,6.0,-0.059240628,-0.99824375,-0.5,-0.8660254,3,0,0,1,5666.0,1,5966.0,1,8926.0,1,4473.0,1,4549.0,1,5212.0,1,5095.0,1,5326.0,6049.7383,5839.3433,-300.0
166,2015-07-05,0.0,0.0,0.0,0.0,0,0.0,7.0,-0.059240628,-0.99824375,-0.5,-0.8660254,3,0,0,1,4636.0,1,5666.0,1,5990.0,1,5345.0,1,4790.0,1,5383.0,1,5312.0,1,0.0,5484.2427,5571.9336,-1030.0
166,2015-07-06,5299.0,823.0,1.0,0.0,0,1.0,1.0,-0.17689027,-0.9842306,-0.5,-0.8660254,3,0,0,1,0.0,1,4636.0,1,5966.0,1,0.0,1,4697.0,1,5364.0,1,4134.0,1,6655.0,3290.5457,4333.726,-4636.0
166,2015-07-07,4159.0,654.0,1.0,0.0,0,1.0,2.0,-0.17689027,-0.9842306,-0.5,-0.8660254,3,0,0,1,5299.0,1,0.0,1,5666.0,1,9464.0,1,4920.0,1,0.0,1,5001.0,1,5252.0,4093.9275,4548.2314,5299.0
166,2015-07-08,4661.0,741.0,1.0,0.0,0,1.0,3.0,-0.17689027,-0.9842306,-0.5,-0.8660254,3,0,0,1,4159.0,1,5299.0,1,4636.0,1,8926.0,1,4473.0,1,4549.0,1,0.0,1,0.0,4119.9565,4461.7354,-1140.0
166,2015-07-09,5660.0,766.0,1.0,0.0,0,1.0,4.0,-0.17689027,-0.9842306,-0.5,-0.8660254,3,0,0,1,4661.0,1,4159.0,1,0.0,1,5990.0,1,5345.0,1,4790.0,1,7241.0,1,6563.0,4336.374,4506.0166,502.0
166,2015-07-10,4917.0,732.0,1.0,0.0,0,1.0,5.0,-0.17689027,-0.9842306,-0.5,-0.8660254,3,0,0,1,5660.0,1,4661.0,1,5299.0,1,5966.0,1,0.0,1,4697.0,1,6413.0,1,5843.0,4865.824,4762.4575,999.0
166,2015-07-11,5031.0,736.0,1.0,0.0,0,0.0,6.0,-0.17689027,-0.9842306,-0.5,-0.8660254,3,0,0,1,4917.0,1,5660.0,1,4159.0,1,5666.0,1,9464.0,1,4920.0,1,6491.0,1,5575.0,4886.2944,4796.8003,-743.0
166,2015-07-12,0.0,0.0,0.0,0.0,0,0.0,7.0,-0.17689027,-0.9842306,-0.5,-0.8660254,3,0,0,1,5031.0,1,4917.0,1,4661.0,1,4636.0,1,8926.0,1,4473.0,1,5212.0,1,5150.0,4944.177,4848.8447,114.0
166,2015-07-13,6964.0,845.0,1.0,1.0,0,1.0,1.0,-0.29205677,-0.956401,-0.5,-0.8660254,3,0,0,1,0.0,1,5031.0,1,5660.0,1,0.0,1,5990.0,1,5345.0,1,5383.0,1,5184.0,2966.506,3771.3235,-5031.0
166,2015-07-14,5820.0,788.0,1.0,1.0,0,1.0,2.0,-0.29205677,-0.956401,-0.5,-0.8660254,3,0,0,1,6964.0,1,0.0,1,4917.0,1,5299.0,1,5966.0,1,0.0,1,5364.0,1,5291.0,4565.5034,4480.807,6964.0
166,2015-07-15,5876.0,800.0,1.0,1.0,0,1.0,3.0,-0.29205677,-0.956401,-0.5,-0.8660254,3,0,0,1,5820.0,1,6964.0,1,5031.0,1,4159.0,1,5666.0,1,9464.0,1,0.0,1,0.0,5067.3022,4778.406,-1144.0
166,2015-07-16,6009.0,818.0,1.0,1.0,0,1.0,4.0,-0.29205677,-0.956401,-0.5,-0.8660254,3,0,0,1,5876.0,1,5820.0,1,0.0,1,4661.0,1,4636.0,1,8926.0,1,4549.0,1,0.0,5390.7812,5022.3154,56.0
166,2015-07-17,4923.0,707.0,1.0,1.0,0,1.0,5.0,-0.29205677,-0.956401,-0.5,-0.8660254,3,0,0,1,6009.0,1,5876.0,1,6964.0,1,5660.0,1,0.0,1,5990.0,1,4790.0,1,5468.0,5638.069,5241.5786,133.0
166,2015-07-18,5022.0,736.0,1.0,0.0,0,0.0,6.0,-0.29205677,-0.956401,-0.5,-0.8660254,3,0,0,1,4923.0,1,6009.0,1,5820.0,1,4917.0,1,5299.0,1,5966.0,1,4697.0,1,4476.0,5352.0415,5170.783,-1086.0
166,2015-07-19,0.0,0.0,0.0,0.0,0,0.0,7.0,-0.29205677,-0.956401,-0.5,-0.8660254,3,0,0,1,5022.0,1,4923.0,1,5876.0,1,5031.0,1,4159.0,1,5666.0,1,4920.0,1,4975.0,5220.025,5137.72,99.0
166,2015-07-20,5252.0,798.0,1.0,0.0,0,1.0,1.0,-0.40312344,-0.91514564,-0.5,-0.8660254,3,0,0,1,0.0,1,5022.0,1,6009.0,1,0.0,1,4661.0,1,4636.0,1,4473.0,1,5822.0,3132.015,3996.005,-5022.0
166,2015-07-21,5117.0,807.0,1.0,0.0,0,1.0,2.0,-0.40312344,-0.91514564,-0.5,-0.8660254,3,0,0,1,5252.0,1,0.0,1,4923.0,1,6964.0,1,5660.0,1,0.0,1,5345.0,1,5497.0,3980.009,4275.1147,5252.0
166,2015-07-22,4812.0,696.0,1.0,0.0,0,1.0,3.0,-0.40312344,-0.91514564,-0.5,-0.8660254,3,0,0,1,5117.0,1,5252.0,1,5022.0,1,5820.0,1,4917.0,1,5299.0,1,0.0,1,0.0,4434.805,4462.2,-135.0
166,2015-07-23,4782.0,718.0,1.0,0.0,0,1.0,4.0,-0.40312344,-0.91514564,-0.5,-0.8660254,3,0,0,1,4812.0,1,5117.0,1,0.0,1,5876.0,1,5031.0,1,4159.0,1,9464.0,1,7600.0,4585.683,4539.9336,-305.0
166,2015-07-24,4108.0,661.0,1.0,0.0,0,1.0,5.0,-0.40312344,-0.91514564,-0.5,-0.8660254,3,0,0,1,4782.0,1,4812.0,1,5252.0,1,6009.0,1,0.0,1,4661.0,1,8926.0,1,6473.0,4664.21,4593.726,-30.0
166,2015-07-25,4056.0,605.0,1.0,0.0,0,0.0,6.0,-0.40312344,-0.91514564,-0.5,-0.8660254,3,0,0,1,4108.0,1,4782.0,1,5117.0,1,4923.0,1,6964.0,1,5660.0,1,5990.0,1,6443.0,4441.726,4485.787,-674.0
166,2015-07-26,0.0,0.0,0.0,0.0,0,0.0,7.0,-0.40312344,-0.91514564,-0.5,-0.8660254,3,0,0,1,4056.0,1,4108.0,1,4812.0,1,5022.0,1,5820.0,1,4917.0,1,5966.0,1,0.0,4287.4355,4390.279,-52.0
166,2015-07-27,6709.0,770.0,1.0,1.0,0,1.0,1.0,-0.5085311,-0.86104363,-0.5,-0.8660254,3,0,0,1,0.0,1,4056.0,1,4782.0,1,0.0,1,5876.0,1,5031.0,1,5666.0,1,7732.0,2572.4614,3414.6614,-4056.0
166,2015-07-28,5598.0,737.0,1.0,1.0,0,1.0,2.0,-0.5085311,-0.86104363,-0.5,-0.8660254,3,0,0,1,6709.0,1,0.0,1,4108.0,1,5252.0,1,6009.0,1,0.0,1,4636.0,1,5733.0,4227.0767,4146.7363,6709.0
166,2015-07-29,5502.0,743.0,1.0,1.0,0,1.0,3.0,-0.5085311,-0.86104363,-0.5,-0.8660254,3,0,0,1,5598.0,1,6709.0,1,4056.0,1,5117.0,1,4923.0,1,6964.0,1,0.0,1,0.0,4775.4463,4469.2397,-1111.0
166,2015-07-30,7130.0,877.0,1.0,1.0,0,1.0,4.0,-0.5085311,-0.86104363,-0.5,-0.8660254,3,0,0,1,5502.0,1,5598.0,1,0.0,1,4812.0,1,5022.0,1,5820.0,1,5299.0,1,5399.0,5066.068,4698.7417,-96.0
166,2015-07-31,6588.0,898.0,1.0,1.0,0,1.0,5.0,-0.5085311,-0.86104363,-0.5,-0.8660254,3,0,1,1,7130.0,1,5502.0,1,6709.0,1,4782.0,1,0.0,1,5876.0,1,4159.0,1,5200.0,5891.6406,5239.0215,1628.0
